;Timestamp;Pressure_data
[2025-12-09 12:16:16.918] ;1043;95866.96
[2025-12-09 12:16:16.927] ;1055;95866.97
[2025-12-09 12:16:16.943] ;1068;95867
[2025-12-09 12:16:16.960] ;1079;95867.19
[2025-12-09 12:16:16.976] ;1091;95868.24
[2025-12-09 12:16:16.993] ;1103;95867.89
[2025-12-09 12:16:17.010] ;1116;95868.13
[2025-12-09 12:16:17.028] ;1128;95868.74
[2025-12-09 12:16:17.042] ;1140;95869.07
[2025-12-09 12:16:17.059] ;1153;95869.36
[2025-12-09 12:16:17.076] ;1165;95869.32
[2025-12-09 12:16:17.092] ;1177;95869.08
[2025-12-09 12:16:17.109] ;1189;95869.67
[2025-12-09 12:16:17.125] ;1203;95869.64
[2025-12-09 12:16:17.141] ;1220;95869.96
[2025-12-09 12:16:17.157] ;1236;95870.08
[2025-12-09 12:16:17.174] ;1253;95870.91
[2025-12-09 12:16:17.191] ;1269;95871.66
[2025-12-09 12:16:17.207] ;1287;95871.32
[2025-12-09 12:16:17.226] ;1303;95871.8
[2025-12-09 12:16:17.240] ;1319;95871.72
[2025-12-09 12:16:17.256] ;1336;95872.3
[2025-12-09 12:16:17.273] ;1353;95872.47
[2025-12-09 12:16:17.289] ;1370;95872.52
[2025-12-09 12:16:17.305] ;1386;95873.05
[2025-12-09 12:16:17.323] ;1402;95873.35
[2025-12-09 12:16:17.340] ;1420;95873.55
[2025-12-09 12:16:17.358] ;1436;95874.16
[2025-12-09 12:16:17.376] ;1453;95874.58
[2025-12-09 12:16:17.392] ;1469;95875.19
[2025-12-09 12:16:17.404] ;1486;95874.89
[2025-12-09 12:16:17.421] ;1503;95876.33
[2025-12-09 12:16:17.442] ;1519;95875.96
[2025-12-09 12:16:17.454] ;1536;95876.19
[2025-12-09 12:16:17.478] ;1553;95876.78
[2025-12-09 12:16:17.495] ;1569;95876.92
[2025-12-09 12:16:17.511] ;1586;95876.92
[2025-12-09 12:16:17.527] ;1602;95877.74
[2025-12-09 12:16:17.543] ;1619;95878.33
[2025-12-09 12:16:17.560] ;1636;95878.28
[2025-12-09 12:16:17.575] ;1652;95878.67
[2025-12-09 12:16:17.592] ;1669;95879.39
[2025-12-09 12:16:17.608] ;1686;95879.44
[2025-12-09 12:16:17.625] ;1702;95879.83
[2025-12-09 12:16:17.640] ;1719;95879.85
[2025-12-09 12:16:17.657] ;1735;95880.11
[2025-12-09 12:16:17.673] ;1753;95881.02
[2025-12-09 12:16:17.690] ;1769;95881.07
[2025-12-09 12:16:17.706] ;1785;95880.74
[2025-12-09 12:16:17.723] ;1802;95881.99
[2025-12-09 12:16:17.741] ;1819;95882.22
[2025-12-09 12:16:17.755] ;1836;95882.85
[2025-12-09 12:16:17.778] ;1852;95883.05
[2025-12-09 12:16:17.794] ;1868;95883.13
[2025-12-09 12:16:17.811] ;1886;95883.55
[2025-12-09 12:16:17.827] ;1902;95883.38
[2025-12-09 12:16:17.841] ;1918;95884.13
[2025-12-09 12:16:17.858] ;1935;95884.55
[2025-12-09 12:16:17.875] ;1952;95885.22
[2025-12-09 12:16:17.892] ;1969;95885.07
[2025-12-09 12:16:17.907] ;1985;95885.25
[2025-12-09 12:16:17.925] ;2001;95886.08
[2025-12-09 12:16:17.941] ;2019;95886.46
[2025-12-09 12:16:17.953] ;2035;95886.33
[2025-12-09 12:16:17.974] ;2052;95887.27
[2025-12-09 12:16:17.986] ;2068;95887
[2025-12-09 12:16:18.008] ;2085;95887.25
[2025-12-09 12:16:18.023] ;2102;95888.6
[2025-12-09 12:16:18.036] ;2118;95888.17
[2025-12-09 12:16:18.060] ;2135;95888.69
[2025-12-09 12:16:18.077] ;2152;95889.46
[2025-12-09 12:16:18.126] ;2168;95889.41
[2025-12-09 12:16:18.134] ;2185;95889.44
[2025-12-09 12:16:18.134] ;2201;95889.52
[2025-12-09 12:16:18.141] ;2219;95890.28
[2025-12-09 12:16:18.158] ;2235;95890.25
[2025-12-09 12:16:18.174] ;2251;95890.67
[2025-12-09 12:16:18.190] ;2268;95891.46
[2025-12-09 12:16:18.207] ;2285;95890.74
[2025-12-09 12:16:18.224] ;2301;95891.58
[2025-12-09 12:16:18.240] ;2318;95892.16
[2025-12-09 12:16:18.256] ;2334;95892.27
[2025-12-09 12:16:18.273] ;2352;95892.94
[2025-12-09 12:16:18.289] ;2368;95893.75
[2025-12-09 12:16:18.306] ;2384;95893.41
[2025-12-09 12:16:18.323] ;2401;95893.83
[2025-12-09 12:16:18.339] ;2418;95894.03
[2025-12-09 12:16:18.356] ;2435;95894.49
[2025-12-09 12:16:18.373] ;2451;95894.75
[2025-12-09 12:16:18.390] ;2467;95895.52
[2025-12-09 12:16:18.406] ;2485;95895.82
[2025-12-09 12:16:18.422] ;2501;95894.74
[2025-12-09 12:16:18.439] ;2518;95896.58
[2025-12-09 12:16:18.456] ;2534;95896
[2025-12-09 12:16:18.472] ;2551;95896.42
[2025-12-09 12:16:18.489] ;2568;95897.44
[2025-12-09 12:16:18.505] ;2584;95896.83
[2025-12-09 12:16:18.522] ;2600;95897.67
[2025-12-09 12:16:18.538] ;2618;95897.52
[2025-12-09 12:16:18.554] ;2634;95898.24
[2025-12-09 12:16:18.571] ;2651;95898.69
[2025-12-09 12:16:18.587] ;2667;95899
[2025-12-09 12:16:18.604] ;2684;95898.86
[2025-12-09 12:16:18.620] ;2701;95899.21
[2025-12-09 12:16:18.638] ;2717;95899.55
[2025-12-09 12:16:18.653] ;2734;95900.05
[2025-12-09 12:16:18.670] ;2751;95900.92
[2025-12-09 12:16:18.690] ;2767;95900.72
[2025-12-09 12:16:18.705] ;2784;95900.96
[2025-12-09 12:16:18.720] ;2800;95901.24
[2025-12-09 12:16:18.738] ;2818;95901.21
[2025-12-09 12:16:18.756] ;2834;95901.94
[2025-12-09 12:16:18.769] ;2850;95902.69
[2025-12-09 12:16:18.785] ;2867;95902.8
[2025-12-09 12:16:18.802] ;2884;95902.83
[2025-12-09 12:16:18.818] ;2900;95903.19
[2025-12-09 12:16:18.835] ;2917;95903.83
[2025-12-09 12:16:18.852] ;2933;95903.25
[2025-12-09 12:16:18.872] ;2951;95904.27
[2025-12-09 12:16:18.885] ;2967;95904.85
[2025-12-09 12:16:18.900] ;2983;95903.8
[2025-12-09 12:16:18.918] ;3000;95905.22
[2025-12-09 12:16:18.933] ;3017;95905.35
[2025-12-09 12:16:18.958] ;3034;95905.67
[2025-12-09 12:16:18.974] ;3050;95906.52
[2025-12-09 12:16:18.990] ;3066;95906.11
[2025-12-09 12:16:19.007] ;3084;95906.16
[2025-12-09 12:16:19.023] ;3100;95907.44
[2025-12-09 12:16:19.040] ;3117;95907.3
[2025-12-09 12:16:19.050] ;3133;95907.55
[2025-12-09 12:16:19.066] ;3150;95907.78
[2025-12-09 12:16:19.088] ;3167;95908.42
[2025-12-09 12:16:19.100] ;3183;95908.91
[2025-12-09 12:16:19.123] ;3200;95908.64
[2025-12-09 12:16:19.135] ;3217;95909.57
[2025-12-09 12:16:19.152] ;3233;95909.1
[2025-12-09 12:16:19.168] ;3250;95909.52
[2025-12-09 12:16:19.183] ;3266;95910.16
[2025-12-09 12:16:19.202] ;3283;95910.46
[2025-12-09 12:16:19.222] ;3300;95910.58
[2025-12-09 12:16:19.240] ;3316;95910.82
[2025-12-09 12:16:19.256] ;3333;95911.61
[2025-12-09 12:16:19.273] ;3350;95911.39
[2025-12-09 12:16:19.289] ;3366;95912.44
[2025-12-09 12:16:19.305] ;3383;95911.88
[2025-12-09 12:16:19.321] ;3399;95912.82
[2025-12-09 12:16:19.337] ;3417;95913.3
[2025-12-09 12:16:19.353] ;3433;95912.78
[2025-12-09 12:16:19.371] ;3449;95913.42
[2025-12-09 12:16:19.388] ;3466;95913.63
[2025-12-09 12:16:19.402] ;3483;95913.78
[2025-12-09 12:16:19.417] ;3500;95914.05
[2025-12-09 12:16:19.434] ;3516;95914.52
[2025-12-09 12:16:19.451] ;3532;95914.91
[2025-12-09 12:16:19.467] ;3550;95915.25
[2025-12-09 12:16:19.485] ;3566;95915.47
[2025-12-09 12:16:19.505] ;3582;95915.44
[2025-12-09 12:16:19.521] ;3599;95915.77
[2025-12-09 12:16:19.540] ;3616;95916.17
[2025-12-09 12:16:19.550] ;3633;95916.52
[2025-12-09 12:16:19.572] ;3649;95917.24
[2025-12-09 12:16:19.585] ;3665;95917.22
[2025-12-09 12:16:19.605] ;3683;95917.99
[2025-12-09 12:16:19.620] ;3699;95917.63
[2025-12-09 12:16:19.632] ;3716;95917.72
[2025-12-09 12:16:19.651] ;3732;95918.53
[2025-12-09 12:16:19.669] ;3749;95918.85
[2025-12-09 12:16:19.681] ;3766;95918.69
[2025-12-09 12:16:19.701] ;3782;95919.28
[2025-12-09 12:16:19.717] ;3799;95919.6
[2025-12-09 12:16:19.736] ;3816;95919.72
[2025-12-09 12:16:19.753] ;3832;95920.17
[2025-12-09 12:16:19.768] ;3849;95919.96
[2025-12-09 12:16:19.779] ;3865;95920.64
[2025-12-09 12:16:19.804] ;3883;95921.36
[2025-12-09 12:16:19.820] ;3899;95921.08
[2025-12-09 12:16:19.837] ;3915;95921.3
[2025-12-09 12:16:19.854] ;3932;95922.32
[2025-12-09 12:16:19.870] ;3949;95921.66
[2025-12-09 12:16:19.886] ;3965;95922.52
[2025-12-09 12:16:19.903] ;3982;95922.86
[2025-12-09 12:16:19.919] ;3998;95922.69
[2025-12-09 12:16:19.936] ;4016;95923.83
[2025-12-09 12:16:19.952] ;4032;95923.53
[2025-12-09 12:16:19.969] ;4048;95923.66
[2025-12-09 12:16:19.986] ;4065;95924.22
[2025-12-09 12:16:20.002] ;4082;95924.49
[2025-12-09 12:16:20.019] ;4099;95924.61
[2025-12-09 12:16:20.035] ;4115;95925.47
[2025-12-09 12:16:20.051] ;4131;95925.03
[2025-12-09 12:16:20.067] ;4149;95925.64
[2025-12-09 12:16:20.089] ;4165;95925.61
[2025-12-09 12:16:20.099] ;4182;95926.07
[2025-12-09 12:16:20.121] ;4198;95926.32
[2025-12-09 12:16:20.137] ;4215;95926.07
[2025-12-09 12:16:20.149] ;4232;95927.02
[2025-12-09 12:16:20.166] ;4248;95927.69
[2025-12-09 12:16:20.182] ;4264;95927.38
[2025-12-09 12:16:20.201] ;4282;95927.91
[2025-12-09 12:16:20.215] ;4298;95928.63
[2025-12-09 12:16:20.234] ;4315;95928.22
[2025-12-09 12:16:20.249] ;4331;95928.96
[2025-12-09 12:16:20.274] ;4348;95929.58
[2025-12-09 12:16:20.284] ;4365;95929.05
[2025-12-09 12:16:20.300] ;4381;95929.99
[2025-12-09 12:16:20.317] ;4398;95930.02
[2025-12-09 12:16:20.331] ;4415;95930.07
[2025-12-09 12:16:20.350] ;4431;95930.58
[2025-12-09 12:16:20.364] ;4448;95930.42
[2025-12-09 12:16:20.382] ;4464;95931.19
[2025-12-09 12:16:20.399] ;4482;95930.99
[2025-12-09 12:16:20.422] ;4498;95931.77
[2025-12-09 12:16:20.431] ;4514;95932.27
[2025-12-09 12:16:20.448] ;4531;95932.67
[2025-12-09 12:16:20.469] ;4548;95932.83
[2025-12-09 12:16:20.483] ;4564;95932.27
[2025-12-09 12:16:20.499] ;4581;95933.07
[2025-12-09 12:16:20.516] ;4597;95933.42
[2025-12-09 12:16:20.533] ;4615;95933.33
[2025-12-09 12:16:20.555] ;4631;95933.89
[2025-12-09 12:16:20.567] ;4647;95934.33
[2025-12-09 12:16:20.583] ;4664;95934.67
[2025-12-09 12:16:20.600] ;4681;95934.78
[2025-12-09 12:16:20.615] ;4698;95935.14
[2025-12-09 12:16:20.630] ;4714;95935.25
[2025-12-09 12:16:20.648] ;4730;95935.6
[2025-12-09 12:16:20.666] ;4748;95935.86
[2025-12-09 12:16:20.682] ;4764;95936.02
[2025-12-09 12:16:20.699] ;4781;95937.05
[2025-12-09 12:16:20.715] ;4797;95936.63
[2025-12-09 12:16:20.739] ;4814;95937.46
[2025-12-09 12:16:20.750] ;4831;95937.75
[2025-12-09 12:16:20.768] ;4847;95937.52
[2025-12-09 12:16:20.784] ;4864;95938.13
[2025-12-09 12:16:20.798] ;4881;95938.91
[2025-12-09 12:16:20.813] ;4897;95938.42
[2025-12-09 12:16:20.833] ;4914;95938.99
[2025-12-09 12:16:20.846] ;4930;95939.32
[2025-12-09 12:16:20.866] ;4947;95939.05
[2025-12-09 12:16:20.882] ;4964;95939.75
[2025-12-09 12:16:20.900] ;4980;95940.16
[2025-12-09 12:16:20.913] ;4997;95940.77
[2025-12-09 12:16:20.929] ;5014;95940.44
[2025-12-09 12:16:20.951] ;5030;95941.14
[2025-12-09 12:16:20.972] ;5047;95940.97
[2025-12-09 12:16:20.982] ;5063;95941.6
[2025-12-09 12:16:21.000] ;5081;95941.42
[2025-12-09 12:16:21.022] ;5097;95942.14
[2025-12-09 12:16:21.031] ;5113;95942.39
[2025-12-09 12:16:21.047] ;5130;95942.6
[2025-12-09 12:16:21.063] ;5147;95942.35
[2025-12-09 12:16:21.082] ;5164;95943.21
[2025-12-09 12:16:21.099] ;5180;95942.94
[2025-12-09 12:16:21.144] ;5196;95943.6
[2025-12-09 12:16:21.144] ;5214;95943.8
[2025-12-09 12:16:21.160] ;5230;95943.88
[2025-12-09 12:16:21.160] ;5246;95944.27
[2025-12-09 12:16:21.181] ;5263;95945.35
[2025-12-09 12:16:21.198] ;5280;95944.61
[2025-12-09 12:16:21.215] ;5297;95945.32
[2025-12-09 12:16:21.231] ;5313;95945.38
[2025-12-09 12:16:21.249] ;5329;95945.77
[2025-12-09 12:16:21.265] ;5347;95945.58
[2025-12-09 12:16:21.283] ;5363;95946.64
[2025-12-09 12:16:21.298] ;5380;95946.53
[2025-12-09 12:16:21.315] ;5396;95946.86
[2025-12-09 12:16:21.331] ;5413;95947.03
[2025-12-09 12:16:21.348] ;5430;95947.6
[2025-12-09 12:16:21.365] ;5446;95948.08
[2025-12-09 12:16:21.381] ;5463;95947.86
[2025-12-09 12:16:21.399] ;5480;95947.99
[2025-12-09 12:16:21.413] ;5496;95948.39
[2025-12-09 12:16:21.431] ;5513;95948.8
[2025-12-09 12:16:21.448] ;5529;95948.89
[2025-12-09 12:16:21.463] ;5547;95948.46
[2025-12-09 12:16:21.479] ;5563;95949.55
[2025-12-09 12:16:21.497] ;5579;95949.89
[2025-12-09 12:16:21.513] ;5596;95949.58
[2025-12-09 12:16:21.530] ;5613;95950.42
[2025-12-09 12:16:21.547] ;5629;95950.53
[2025-12-09 12:16:21.564] ;5646;95951.03
[2025-12-09 12:16:21.578] ;5662;95950.64
[2025-12-09 12:16:21.599] ;5680;95951.5
[2025-12-09 12:16:21.611] ;5696;95951.88
[2025-12-09 12:16:21.631] ;5712;95952.27
[2025-12-09 12:16:21.647] ;5729;95952.21
[2025-12-09 12:16:21.664] ;5746;95952.02
[2025-12-09 12:16:21.681] ;5763;95952.35
[2025-12-09 12:16:21.695] ;5779;95952.85
[2025-12-09 12:16:21.714] ;5795;95953.39
[2025-12-09 12:16:21.728] ;5813;95953.36
[2025-12-09 12:16:21.747] ;5829;95954.21
[2025-12-09 12:16:21.761] ;5846;95954.22
[2025-12-09 12:16:21.777] ;5862;95954.47
[2025-12-09 12:16:21.795] ;5879;95955
[2025-12-09 12:16:21.810] ;5896;95955.14
[2025-12-09 12:16:21.828] ;5912;95955.8
[2025-12-09 12:16:21.847] ;5928;95956.07
[2025-12-09 12:16:21.864] ;5946;95956.24
[2025-12-09 12:16:21.882] ;5962;95956.03
[2025-12-09 12:16:21.895] ;5979;95956.78
[2025-12-09 12:16:21.911] ;5995;95956.58
[2025-12-09 12:16:21.928] ;6012;95956.33
[2025-12-09 12:16:21.947] ;6029;95957.33
[2025-12-09 12:16:21.962] ;6045;95957.42
[2025-12-09 12:16:21.980] ;6062;95957.71
[2025-12-09 12:16:21.996] ;6079;95957.97
[2025-12-09 12:16:22.011] ;6095;95957.74
[2025-12-09 12:16:22.027] ;6112;95958.69
[2025-12-09 12:16:22.044] ;6128;95958.63
[2025-12-09 12:16:22.060] ;6146;95959.22
[2025-12-09 12:16:22.076] ;6162;95959.58
[2025-12-09 12:16:22.093] ;6178;95959.57
[2025-12-09 12:16:22.110] ;6195;95960
[2025-12-09 12:16:22.126] ;6212;95960.19
[2025-12-09 12:16:22.148] ;6228;95960.69
[2025-12-09 12:16:22.159] ;6245;95960.35
[2025-12-09 12:16:22.180] ;6261;95961.13
[2025-12-09 12:16:22.192] ;6279;95960.72
[2025-12-09 12:16:22.214] ;6295;95961.08
[2025-12-09 12:16:22.229] ;6311;95961.24
[2025-12-09 12:16:22.242] ;6328;95961.57
[2025-12-09 12:16:22.258] ;6345;95962.52
[2025-12-09 12:16:22.279] ;6362;95962.08
[2025-12-09 12:16:22.291] ;6378;95962.46
[2025-12-09 12:16:22.308] ;6394;95962.77
[2025-12-09 12:16:22.326] ;6412;95963.14
[2025-12-09 12:16:22.341] ;6428;95963.28
[2025-12-09 12:16:22.356] ;6445;95963.67
[2025-12-09 12:16:22.372] ;6461;95964.35
[2025-12-09 12:16:22.397] ;6478;95963.86
[2025-12-09 12:16:22.414] ;6495;95964.85
[2025-12-09 12:16:22.431] ;6511;95964.85
[2025-12-09 12:16:22.447] ;6528;95964.92
[2025-12-09 12:16:22.464] ;6545;95965.55
[2025-12-09 12:16:22.475] ;6561;95965.46
[2025-12-09 12:16:22.489] ;6578;95965.67
[2025-12-09 12:16:22.506] ;6594;95966.32
[2025-12-09 12:16:22.523] ;6611;95966.24
[2025-12-09 12:16:22.540] ;6628;95966.8
[2025-12-09 12:16:22.557] ;6644;95966.16
[2025-12-09 12:16:22.573] ;6661;95966.99
[2025-12-09 12:16:22.590] ;6678;95967.24
[2025-12-09 12:16:22.607] ;6694;95967.24
[2025-12-09 12:16:22.624] ;6711;95967.97
[2025-12-09 12:16:22.640] ;6727;95967.92
[2025-12-09 12:16:22.657] ;6745;95968.08
[2025-12-09 12:16:22.673] ;6761;95968.47
[2025-12-09 12:16:22.696] ;6777;95968.36
[2025-12-09 12:16:22.706] ;6794;95969.19
[2025-12-09 12:16:22.729] ;6811;95968.88
[2025-12-09 12:16:22.740] ;6828;95969.14
[2025-12-09 12:16:22.756] ;6844;95969.83
[2025-12-09 12:16:22.773] ;6860;95970.69
[2025-12-09 12:16:22.789] ;6878;95970.72
[2025-12-09 12:16:22.806] ;6894;95970.74
[2025-12-09 12:16:22.822] ;6910;95970.52
[2025-12-09 12:16:22.839] ;6927;95970.42
[2025-12-09 12:16:22.856] ;6944;95971.36
[2025-12-09 12:16:22.872] ;6961;95971.27
[2025-12-09 12:16:22.889] ;6977;95972.05
[2025-12-09 12:16:22.906] ;6993;95972.21
[2025-12-09 12:16:22.923] ;7011;95972.64
[2025-12-09 12:16:22.939] ;7027;95972.61
[2025-12-09 12:16:22.956] ;7044;95972.69
[2025-12-09 12:16:22.972] ;7060;95972.97
[2025-12-09 12:16:22.996] ;7077;95973.3
[2025-12-09 12:16:23.006] ;7094;95973.71
[2025-12-09 12:16:23.021] ;7110;95973.86
[2025-12-09 12:16:23.038] ;7127;95973.96
[2025-12-09 12:16:23.054] ;7144;95974.67
[2025-12-09 12:16:23.071] ;7160;95974.99
[2025-12-09 12:16:23.087] ;7177;95975.03
[2025-12-09 12:16:23.104] ;7193;95974.97
[2025-12-09 12:16:23.121] ;7211;95976.22
[2025-12-09 12:16:23.138] ;7227;95975.39
[2025-12-09 12:16:23.155] ;7243;95975.77
[2025-12-09 12:16:23.175] ;7260;95975.89
[2025-12-09 12:16:23.187] ;7277;95976.16
[2025-12-09 12:16:23.208] ;7293;95976.32
[2025-12-09 12:16:23.224] ;7310;95977.02
[2025-12-09 12:16:23.237] ;7326;95977.08
[2025-12-09 12:16:23.253] ;7344;95977.36
[2025-12-09 12:16:23.278] ;7360;95978.24
[2025-12-09 12:16:23.295] ;7376;95978.03
[2025-12-09 12:16:23.311] ;7393;95978.5
[2025-12-09 12:16:23.327] ;7410;95977.91
[2025-12-09 12:16:23.344] ;7427;95978.89
[2025-12-09 12:16:23.360] ;7443;95978.97
[2025-12-09 12:16:23.376] ;7459;95978.77
[2025-12-09 12:16:23.393] ;7477;95978.96
[2025-12-09 12:16:23.409] ;7493;95979.42
[2025-12-09 12:16:23.426] ;7510;95979.6
[2025-12-09 12:16:23.434] ;7526;95980.25
[2025-12-09 12:16:23.452] ;7543;95980.17
[2025-12-09 12:16:23.474] ;7560;95980.41
[2025-12-09 12:16:23.486] ;7576;95980.8
[2025-12-09 12:16:23.503] ;7592;95980.97
[2025-12-09 12:16:23.519] ;7610;95981.11
[2025-12-09 12:16:23.535] ;7626;95981.67
[2025-12-09 12:16:23.560] ;7643;95981.52
[2025-12-09 12:16:23.576] ;7659;95981.55
[2025-12-09 12:16:23.593] ;7676;95982.3
[2025-12-09 12:16:23.609] ;7693;95982.21
[2025-12-09 12:16:23.626] ;7709;95982.49
[2025-12-09 12:16:23.643] ;7726;95982.53
[2025-12-09 12:16:23.659] ;7743;95983.1
[2025-12-09 12:16:23.676] ;7759;95982.94
[2025-12-09 12:16:23.684] ;7776;95984.16
[2025-12-09 12:16:23.701] ;7792;95984.05
[2025-12-09 12:16:23.725] ;7810;95983.78
[2025-12-09 12:16:23.734] ;7826;95984.05
[2025-12-09 12:16:23.751] ;7842;95984.77
[2025-12-09 12:16:23.768] ;7859;95984.55
[2025-12-09 12:16:23.785] ;7876;95984.77
[2025-12-09 12:16:23.802] ;7892;95984.75
[2025-12-09 12:16:23.819] ;7909;95985.55
[2025-12-09 12:16:23.843] ;7925;95985.83
[2025-12-09 12:16:23.860] ;7943;95985.71
[2025-12-09 12:16:23.877] ;7959;95986.03
[2025-12-09 12:16:23.886] ;7975;95986.49
[2025-12-09 12:16:23.902] ;7992;95986.16
[2025-12-09 12:16:23.921] ;8009;95986.67
[2025-12-09 12:16:23.936] ;8026;95986.91
[2025-12-09 12:16:23.953] ;8042;95987.1
[2025-12-09 12:16:23.969] ;8058;95987.6
[2025-12-09 12:16:23.986] ;8076;95987.91
[2025-12-09 12:16:24.003] ;8092;95987.17
[2025-12-09 12:16:24.022] ;8109;95988.11
[2025-12-09 12:16:24.035] ;8125;95988.42
[2025-12-09 12:16:24.052] ;8142;95988.57
[2025-12-09 12:16:24.069] ;8159;95988.71
[2025-12-09 12:16:24.085] ;8175;95989.44
[2025-12-09 12:16:24.102] ;8192;95988.97
[2025-12-09 12:16:24.118] ;8209;95989.86
[2025-12-09 12:16:24.135] ;8225;95989.24
[2025-12-09 12:16:24.155] ;8242;95989.52
[2025-12-09 12:16:24.168] ;8258;95989.97
[2025-12-09 12:16:24.185] ;8275;95989.89
[2025-12-09 12:16:24.202] ;8292;95990.46
[2025-12-09 12:16:24.218] ;8308;95990.46
[2025-12-09 12:16:24.235] ;8325;95990.89
[2025-12-09 12:16:24.252] ;8342;95990.94
[2025-12-09 12:16:24.269] ;8358;95991.35
[2025-12-09 12:16:24.286] ;8375;95991.44
[2025-12-09 12:16:24.302] ;8391;95991.35
[2025-12-09 12:16:24.319] ;8409;95991.99
[2025-12-09 12:16:24.335] ;8425;95992.69
[2025-12-09 12:16:24.352] ;8441;95992.19
[2025-12-09 12:16:24.369] ;8458;95992.42
[2025-12-09 12:16:24.385] ;8475;95993.1
[2025-12-09 12:16:24.402] ;8492;95993.33
[2025-12-09 12:16:24.418] ;8508;95993.63
[2025-12-09 12:16:24.435] ;8524;95993.32
[2025-12-09 12:16:24.452] ;8542;95994.35
[2025-12-09 12:16:24.469] ;8558;95994.14
[2025-12-09 12:16:24.485] ;8574;95994.28
[2025-12-09 12:16:24.502] ;8591;95994.72
[2025-12-09 12:16:24.522] ;8608;95994.67
[2025-12-09 12:16:24.539] ;8625;95994.97
[2025-12-09 12:16:24.553] ;8641;95995.69
[2025-12-09 12:16:24.568] ;8657;95995.46
[2025-12-09 12:16:24.588] ;8675;95995.47
[2025-12-09 12:16:24.601] ;8691;95996.25
[2025-12-09 12:16:24.620] ;8708;95996.39
[2025-12-09 12:16:24.634] ;8724;95996.91
[2025-12-09 12:16:24.653] ;8741;95996.55
[2025-12-09 12:16:24.667] ;8758;95997.08
[2025-12-09 12:16:24.684] ;8774;95997.07
[2025-12-09 12:16:24.700] ;8791;95997.47
[2025-12-09 12:16:24.724] ;8808;95997.72
[2025-12-09 12:16:24.741] ;8824;95997.66
[2025-12-09 12:16:24.757] ;8841;95998.55
[2025-12-09 12:16:24.773] ;8857;95998.08
[2025-12-09 12:16:24.782] ;8875;95998.52
[2025-12-09 12:16:24.799] ;8891;95999.19
[2025-12-09 12:16:24.816] ;8907;95999.36
[2025-12-09 12:16:24.835] ;8924;95999.5
[2025-12-09 12:16:24.854] ;8941;95999.74
[2025-12-09 12:16:24.867] ;8957;95999.71
[2025-12-09 12:16:24.883] ;8974;95999.92
[2025-12-09 12:16:24.899] ;8990;96000.3
[2025-12-09 12:16:24.916] ;9008;96000.21
[2025-12-09 12:16:24.932] ;9024;96000.78
[2025-12-09 12:16:24.954] ;9040;96000.46
[2025-12-09 12:16:24.966] ;9057;96001.05
[2025-12-09 12:16:24.982] ;9074;96001.32
[2025-12-09 12:16:25.007] ;9091;96001.97
[2025-12-09 12:16:25.023] ;9107;96001.74
[2025-12-09 12:16:25.038] ;9123;96002.1
[2025-12-09 12:16:25.054] ;9141;96002.47
[2025-12-09 12:16:25.066] ;9157;96002.89
[2025-12-09 12:16:25.082] ;9174;96002.88
[2025-12-09 12:16:25.099] ;9190;96003.03
[2025-12-09 12:16:25.116] ;9207;96002.99
[2025-12-09 12:16:25.132] ;9224;96003.57
[2025-12-09 12:16:25.154] ;9240;96004.61
[2025-12-09 12:16:25.165] ;9256;96004
[2025-12-09 12:16:25.181] ;9274;96004.35
[2025-12-09 12:16:25.198] ;9290;96004.35
[2025-12-09 12:16:25.214] ;9307;96004.86
[2025-12-09 12:16:25.231] ;9323;96005.11
[2025-12-09 12:16:25.247] ;9340;96005.49
[2025-12-09 12:16:25.269] ;9357;96005.22
[2025-12-09 12:16:25.289] ;9373;96006.46
[2025-12-09 12:16:25.305] ;9390;96006.19
[2025-12-09 12:16:25.322] ;9407;96005.3
[2025-12-09 12:16:25.339] ;9423;96005.99
[2025-12-09 12:16:25.354] ;9440;96006.86
[2025-12-09 12:16:25.364] ;9456;96007.02
[2025-12-09 12:16:25.381] ;9474;96007.53
[2025-12-09 12:16:25.398] ;9490;96007.58
[2025-12-09 12:16:25.414] ;9506;96007.6
[2025-12-09 12:16:25.436] ;9523;96008.21
[2025-12-09 12:16:25.448] ;9540;96007.57
[2025-12-09 12:16:25.464] ;9556;96008.49
[2025-12-09 12:16:25.481] ;9573;96008.49
[2025-12-09 12:16:25.498] ;9589;96008.08
[2025-12-09 12:16:25.514] ;9607;96008.91
[2025-12-09 12:16:25.531] ;9623;96009.02
[2025-12-09 12:16:25.548] ;9639;96009.5
[2025-12-09 12:16:25.564] ;9656;96009.35
[2025-12-09 12:16:25.588] ;9673;96009.32
[2025-12-09 12:16:25.597] ;9690;96010.1
[2025-12-09 12:16:25.614] ;9706;96010.08
[2025-12-09 12:16:25.631] ;9722;96009.78
[2025-12-09 12:16:25.647] ;9740;96010.74
[2025-12-09 12:16:25.663] ;9756;96011.55
[2025-12-09 12:16:25.680] ;9773;96011.16
[2025-12-09 12:16:25.696] ;9789;96011.44
[2025-12-09 12:16:25.713] ;9806;96011.67
[2025-12-09 12:16:25.730] ;9823;96011.89
[2025-12-09 12:16:25.746] ;9839;96011.99
[2025-12-09 12:16:25.763] ;9856;96012.08
[2025-12-09 12:16:25.779] ;9873;96012.33
[2025-12-09 12:16:25.799] ;9889;96012.49
[2025-12-09 12:16:25.812] ;9906;96012.88
[2025-12-09 12:16:25.828] ;9922;96012.78
[2025-12-09 12:16:25.848] ;9939;96012.69
[2025-12-09 12:16:25.869] ;9956;96013.22
[2025-12-09 12:16:25.885] ;9972;96013.63
[2025-12-09 12:16:25.902] ;9989;96013.91
[2025-12-09 12:16:25.919] ;10006;96014.3
[2025-12-09 12:16:25.935] ;10023;96014.27
[2025-12-09 12:16:25.951] ;10041;96013.94
[2025-12-09 12:16:25.968] ;10058;96014.74
[2025-12-09 12:16:25.984] ;10077;96015.36
[2025-12-09 12:16:26.000] ;10094;96016.02
[2025-12-09 12:16:26.025] ;10112;96014.77
[2025-12-09 12:16:26.041] ;10129;96016.64
[2025-12-09 12:16:26.058] ;10147;96016.13
[2025-12-09 12:16:26.075] ;10165;96016.1
[2025-12-09 12:16:26.094] ;10182;96016.82
[2025-12-09 12:16:26.108] ;10200;96016.44
[2025-12-09 12:16:26.124] ;10218;96016.71
[2025-12-09 12:16:26.149] ;10235;96016.88
[2025-12-09 12:16:26.166] ;10253;96016.88
[2025-12-09 12:16:26.181] ;10271;96017.53
[2025-12-09 12:16:26.199] ;10289;96017.27
[2025-12-09 12:16:26.215] ;10306;96018.08
[2025-12-09 12:16:26.232] ;10323;96018.36
[2025-12-09 12:16:26.256] ;10342;96017.71
[2025-12-09 12:16:26.265] ;10359;96017.58
[2025-12-09 12:16:26.281] ;10377;96018.11
[2025-12-09 12:16:26.306] ;10394;96017.66
[2025-12-09 12:16:26.324] ;10413;96018.19
[2025-12-09 12:16:26.342] ;10430;96017.92
[2025-12-09 12:16:26.355] ;10447;96017.69
[2025-12-09 12:16:26.372] ;10465;96017.41
[2025-12-09 12:16:26.391] ;10483;96017.6
[2025-12-09 12:16:26.405] ;10501;96017.32
[2025-12-09 12:16:26.429] ;10518;96017.92
[2025-12-09 12:16:26.446] ;10535;96018.14
[2025-12-09 12:16:26.463] ;10554;96018.13
[2025-12-09 12:16:26.479] ;10571;96018.71
[2025-12-09 12:16:26.495] ;10589;96018.49
[2025-12-09 12:16:26.512] ;10607;96017.91
[2025-12-09 12:16:26.537] ;10625;96018.35
[2025-12-09 12:16:26.554] ;10642;96019.25
[2025-12-09 12:16:26.571] ;10659;96017.78
[2025-12-09 12:16:26.592] ;10678;96017.05
[2025-12-09 12:16:26.604] ;10695;96016.35
[2025-12-09 12:16:26.620] ;10713;96014.55
[2025-12-09 12:16:26.636] ;10730;96010.35
[2025-12-09 12:16:26.662] ;10748;96007.38
[2025-12-09 12:16:26.678] ;10766;96000.32
[2025-12-09 12:16:26.694] ;10783;95993.32
[2025-12-09 12:16:26.711] ;10801;95977.89
[2025-12-09 12:16:26.728] ;10819;95966.8
[2025-12-09 12:16:26.745] ;10836;95944.44
[2025-12-09 12:16:26.761] ;10854;95923.75
[2025-12-09 12:16:26.778] ;10872;95832.82
[2025-12-09 12:16:26.794] ;10890;95683.22
[2025-12-09 12:16:26.819] ;10907;95404.08
[2025-12-09 12:16:26.835] ;10925;94698.91
[2025-12-09 12:16:26.852] ;10943;94234.47
[2025-12-09 12:16:26.869] ;10960;93592.77
[2025-12-09 12:16:26.886] ;10978;93361.36
[2025-12-09 12:16:26.902] ;10995;93157.63
[2025-12-09 12:16:26.919] ;11014;93319.57
[2025-12-09 12:16:26.944] ;11031;93742.38
[2025-12-09 12:16:26.961] ;11048;93737.77
[2025-12-09 12:16:26.977] ;11066;93453.92
[2025-12-09 12:16:26.994] ;11084;93386.07
[2025-12-09 12:16:27.013] ;11102;93823.99
[2025-12-09 12:16:27.027] ;11119;93987.22
[2025-12-09 12:16:27.044] ;11138;93500.94
[2025-12-09 12:16:27.061] ;11155;93071.55
[2025-12-09 12:16:27.078] ;11172;92988.08
[2025-12-09 12:16:27.103] ;11190;93342.55
[2025-12-09 12:16:27.118] ;11208;93790.02
[2025-12-09 12:16:27.135] ;11226;93761.77
[2025-12-09 12:16:27.151] ;11243;93583.75
[2025-12-09 12:16:27.168] ;11260;93419.24
[2025-12-09 12:16:27.184] ;11279;93521.88
[2025-12-09 12:16:27.201] ;11296;93577.39
[2025-12-09 12:16:27.225] ;11314;93381.99
[2025-12-09 12:16:27.242] ;11331;93138.86
[2025-12-09 12:16:27.259] ;11350;93228.41
[2025-12-09 12:16:27.276] ;11367;93591.86
[2025-12-09 12:16:27.292] ;11384;93695.3
[2025-12-09 12:16:27.309] ;11403;93538.72
[2025-12-09 12:16:27.325] ;11420;93462.47
[2025-12-09 12:16:27.342] ;11438;93551.63
[2025-12-09 12:16:27.358] ;11455;93525.35
[2025-12-09 12:16:27.375] ;11473;93285.71
[2025-12-09 12:16:27.400] ;11491;93239.92
[2025-12-09 12:16:27.417] ;11508;93456
[2025-12-09 12:16:27.434] ;11526;93515.46
[2025-12-09 12:16:27.451] ;11544;93476.47
[2025-12-09 12:16:27.467] ;11561;93425.55
[2025-12-09 12:16:27.484] ;11579;93537.8
[2025-12-09 12:16:27.509] ;11596;93611.36
[2025-12-09 12:16:27.525] ;11615;93524.97
[2025-12-09 12:16:27.542] ;11632;93261.1
[2025-12-09 12:16:27.559] ;11650;93165.92
[2025-12-09 12:16:27.576] ;11667;93428.21
[2025-12-09 12:16:27.592] ;11685;93576.82
[2025-12-09 12:16:27.616] ;11703;93475.07
[2025-12-09 12:16:27.632] ;11720;93380.3
[2025-12-09 12:16:27.649] ;11739;93396.64
[2025-12-09 12:16:27.665] ;11756;93506.77
[2025-12-09 12:16:27.682] ;11773;93535.72
[2025-12-09 12:16:27.698] ;11791;93541.92
[2025-12-09 12:16:27.715] ;11809;93348.69
[2025-12-09 12:16:27.732] ;11827;93255.72
[2025-12-09 12:16:27.748] ;11844;93389.71
[2025-12-09 12:16:27.765] ;11862;93543.08
[2025-12-09 12:16:27.790] ;11880;93622.17
[2025-12-09 12:16:27.809] ;11897;93535.33
[2025-12-09 12:16:27.825] ;11915;93266.58
[2025-12-09 12:16:27.842] ;11932;93314.3
[2025-12-09 12:16:27.858] ;11951;93447.19
[2025-12-09 12:16:27.873] ;11968;93642.66
[2025-12-09 12:16:27.898] ;11985;93591.71
[2025-12-09 12:16:27.914] ;12004;93265
[2025-12-09 12:16:27.931] ;12021;93196.49
[2025-12-09 12:16:27.948] ;12039;93519.75
[2025-12-09 12:16:27.964] ;12056;93763.32
[2025-12-09 12:16:27.980] ;12075;93627.82
[2025-12-09 12:16:27.998] ;12092;93437.5
[2025-12-09 12:16:28.021] ;12109;93188.49
[2025-12-09 12:16:28.038] ;12127;93233.53
[2025-12-09 12:16:28.054] ;12145;93497.46
[2025-12-09 12:16:28.071] ;12163;93578.66
[2025-12-09 12:16:28.087] ;12180;93535.75
[2025-12-09 12:16:28.103] ;12197;93521.78
[2025-12-09 12:16:28.128] ;12216;93677.32
[2025-12-09 12:16:28.144] ;12233;93710.69
[2025-12-09 12:16:28.160] ;12251;93573.36
[2025-12-09 12:16:28.177] ;12269;93360.67
[2025-12-09 12:16:28.193] ;12286;93082.42
[2025-12-09 12:16:28.210] ;12304;93224.13
[2025-12-09 12:16:28.226] ;12321;93436.8
[2025-12-09 12:16:28.243] ;12340;93630.61
[2025-12-09 12:16:28.260] ;12357;93601.58
[2025-12-09 12:16:28.277] ;12375;93503.08
[2025-12-09 12:16:28.301] ;12392;93535.14
[2025-12-09 12:16:28.318] ;12410;93517.97
[2025-12-09 12:16:28.335] ;12428;93463.72
[2025-12-09 12:16:28.352] ;12445;93453.21
[2025-12-09 12:16:28.368] ;12463;93501.75
[2025-12-09 12:16:28.385] ;12481;93413.1
[2025-12-09 12:16:28.409] ;12498;93330.91
[2025-12-09 12:16:28.425] ;12516;93380.88
[2025-12-09 12:16:28.441] ;12534;93471.61
[2025-12-09 12:16:28.457] ;12552;93534.13
[2025-12-09 12:16:28.474] ;12569;93538.03
[2025-12-09 12:16:28.491] ;12587;93382.39
[2025-12-09 12:16:28.508] ;12605;93335.83
[2025-12-09 12:16:28.532] ;12622;93420.8
[2025-12-09 12:16:28.549] ;12640;93603.05
[2025-12-09 12:16:28.566] ;12657;93581.47
[2025-12-09 12:16:28.582] ;12676;93482
[2025-12-09 12:16:28.598] ;12693;93437.19
[2025-12-09 12:16:28.615] ;12710;93525.27
[2025-12-09 12:16:28.640] ;12728;93543.49
[2025-12-09 12:16:28.656] ;12746;93566.85
[2025-12-09 12:16:28.672] ;12764;93522.47
[2025-12-09 12:16:28.689] ;12781;93444.08
[2025-12-09 12:16:28.706] ;12800;93385.88
[2025-12-09 12:16:28.725] ;12817;93425
[2025-12-09 12:16:28.738] ;12834;93489.08
[2025-12-09 12:16:28.755] ;12852;93587.66
[2025-12-09 12:16:28.774] ;12870;93639.77
[2025-12-09 12:16:28.790] ;12888;93641.5
[2025-12-09 12:16:28.814] ;12905;93669.99
[2025-12-09 12:16:28.831] ;12922;93522.13
[2025-12-09 12:16:28.848] ;12941;93338.41
[2025-12-09 12:16:28.864] ;12958;93248.96
[2025-12-09 12:16:28.881] ;12976;93382.11
[2025-12-09 12:16:28.897] ;12993;93612.94
[2025-12-09 12:16:28.923] ;13011;93685.92
[2025-12-09 12:16:28.931] ;13029;93732.66
[2025-12-09 12:16:28.955] ;13046;93737.5
[2025-12-09 12:16:28.972] ;13064;93756.91
[2025-12-09 12:16:28.990] ;13082;93780
[2025-12-09 12:16:29.004] ;13100;93599.64
[2025-12-09 12:16:29.025] ;13117;93265.69
[2025-12-09 12:16:29.040] ;13135;93233.41
[2025-12-09 12:16:29.055] ;13153;93469.99
[2025-12-09 12:16:29.078] ;13170;93650.16
[2025-12-09 12:16:29.099] ;13188;93805.5
[2025-12-09 12:16:29.113] ;13206;93836.57
[2025-12-09 12:16:29.130] ;13223;93695.92
[2025-12-09 12:16:29.150] ;13241;93559.3
[2025-12-09 12:16:29.165] ;13258;93392.07
[2025-12-09 12:16:29.180] ;13277;93373.05
[2025-12-09 12:16:29.205] ;13294;93507.74
[2025-12-09 12:16:29.222] ;13312;93545.6
[2025-12-09 12:16:29.230] ;13329;93682.21
[2025-12-09 12:16:29.254] ;13347;93823.22
[2025-12-09 12:16:29.271] ;13365;93891.66
[2025-12-09 12:16:29.288] ;13382;93719.97
[2025-12-09 12:16:29.307] ;13401;93529.55
[2025-12-09 12:16:29.324] ;13418;93414.22
[2025-12-09 12:16:29.344] ;13435;93493.42
[2025-12-09 12:16:29.357] ;13453;93575.85
[2025-12-09 12:16:29.378] ;13471;93609.05
[2025-12-09 12:16:29.395] ;13489;93625.66
[2025-12-09 12:16:29.412] ;13506;93650.83
[2025-12-09 12:16:29.429] ;13523;93753.3
[2025-12-09 12:16:29.445] ;13542;93850
[2025-12-09 12:16:29.465] ;13559;93644.92
[2025-12-09 12:16:29.487] ;13577;93449.94
[2025-12-09 12:16:29.504] ;13594;93324.47
[2025-12-09 12:16:29.520] ;13613;93413.74
[2025-12-09 12:16:29.537] ;13630;93716.16
[2025-12-09 12:16:29.556] ;13647;93885.8
[2025-12-09 12:16:29.571] ;13666;93851.14
[2025-12-09 12:16:29.587] ;13683;93723.38
[2025-12-09 12:16:29.604] ;13701;93622.92
[2025-12-09 12:16:29.621] ;13718;93507
[2025-12-09 12:16:29.640] ;13736;93399.63
[2025-12-09 12:16:29.662] ;13754;93388.14
[2025-12-09 12:16:29.680] ;13771;93549.75
[2025-12-09 12:16:29.695] ;13789;93952.35
[2025-12-09 12:16:29.712] ;13807;94102.19
[2025-12-09 12:16:29.729] ;13825;93829.66
[2025-12-09 12:16:29.745] ;13842;93615.19
[2025-12-09 12:16:29.762] ;13859;93431.05
[2025-12-09 12:16:29.778] ;13878;93427.36
[2025-12-09 12:16:29.795] ;13895;93510.86
[2025-12-09 12:16:29.813] ;13913;93669.07
[2025-12-09 12:16:29.838] ;13930;93922.24
[2025-12-09 12:16:29.856] ;13948;94049.78
[2025-12-09 12:16:29.870] ;13966;94002.32
[2025-12-09 12:16:29.890] ;13983;93831.21
[2025-12-09 12:16:29.907] ;14002;93514.53
[2025-12-09 12:16:29.923] ;14019;93329.21
[2025-12-09 12:16:29.945] ;14036;93207.85
[2025-12-09 12:16:29.962] ;14054;93322.13
[2025-12-09 12:16:29.979] ;14072;93566.67
[2025-12-09 12:16:29.995] ;14090;93967.46
[2025-12-09 12:16:30.013] ;14107;94116.17
[2025-12-09 12:16:30.029] ;14125;94065.21
[2025-12-09 12:16:30.046] ;14143;93925.69
[2025-12-09 12:16:30.067] ;14160;93683.66
[2025-12-09 12:16:30.079] ;14178;93572.41
[2025-12-09 12:16:30.096] ;14195;93488.96
[2025-12-09 12:16:30.121] ;14214;93511.8
[2025-12-09 12:16:30.138] ;14231;93719.74
[2025-12-09 12:16:30.155] ;14248;93922.53
[2025-12-09 12:16:30.174] ;14267;94033.44
[2025-12-09 12:16:30.192] ;14284;93875.49
[2025-12-09 12:16:30.204] ;14302;93619.92
[2025-12-09 12:16:30.221] ;14319;93519.88
[2025-12-09 12:16:30.238] ;14338;93510.82
[2025-12-09 12:16:30.255] ;14355;93631.83
[2025-12-09 12:16:30.281] ;14372;93847.5
[2025-12-09 12:16:30.296] ;14390;93902.42
[2025-12-09 12:16:30.312] ;14408;93962.8
[2025-12-09 12:16:30.329] ;14426;93976.13
[2025-12-09 12:16:30.345] ;14443;93984.46
[2025-12-09 12:16:30.362] ;14460;93871.78
[2025-12-09 12:16:30.379] ;14479;93709.75
[2025-12-09 12:16:30.404] ;14496;93515.14
[2025-12-09 12:16:30.421] ;14514;93520.91
[2025-12-09 12:16:30.437] ;14532;93645.08
[2025-12-09 12:16:30.456] ;14550;93802.39
[2025-12-09 12:16:30.471] ;14567;94074.64
[2025-12-09 12:16:30.487] ;14584;94203.67
[2025-12-09 12:16:30.504] ;14603;94288.92
[2025-12-09 12:16:30.520] ;14620;93982.17
[2025-12-09 12:16:30.539] ;14638;93527.07
[2025-12-09 12:16:30.556] ;14655;93347.13
[2025-12-09 12:16:30.579] ;14673;93422.94
[2025-12-09 12:16:30.595] ;14691;93644.41
[2025-12-09 12:16:30.612] ;14708;94072.16
[2025-12-09 12:16:30.629] ;14726;94293.1
[2025-12-09 12:16:30.645] ;14744;94280.91
[2025-12-09 12:16:30.662] ;14761;94158.42
[2025-12-09 12:16:30.687] ;14779;93900.96
[2025-12-09 12:16:30.703] ;14797;93665.07
[2025-12-09 12:16:30.720] ;14815;93663.28
[2025-12-09 12:16:30.739] ;14832;93688.03
[2025-12-09 12:16:30.752] ;14850;93844.55
[2025-12-09 12:16:30.772] ;14868;94021.8
[2025-12-09 12:16:30.794] ;14885;94110.67
[2025-12-09 12:16:30.811] ;14903;94070.1
[2025-12-09 12:16:30.827] ;14920;93791.47
[2025-12-09 12:16:30.844] ;14939;93522.05
[2025-12-09 12:16:30.863] ;14956;93501.77
[2025-12-09 12:16:30.877] ;14973;93735.47
[2025-12-09 12:16:30.893] ;14991;93940.67
[2025-12-09 12:16:30.911] ;15009;94098.71
[2025-12-09 12:16:30.929] ;15027;94116.28
[2025-12-09 12:16:30.949] ;15044;94115.21
[2025-12-09 12:16:30.968] ;15063;94157.02
[2025-12-09 12:16:30.985] ;15080;94115.85
[2025-12-09 12:16:31.002] ;15097;93898.11
[2025-12-09 12:16:31.025] ;15115;93563.99
[2025-12-09 12:16:31.034] ;15133;93471.44
[2025-12-09 12:16:31.052] ;15151;93526
[2025-12-09 12:16:31.074] ;15168;93801.82
[2025-12-09 12:16:31.091] ;15185;94056.85
[2025-12-09 12:16:31.107] ;15204;94329.5
[2025-12-09 12:16:31.124] ;15221;94352.28
[2025-12-09 12:16:31.141] ;15239;94203.55
[2025-12-09 12:16:31.160] ;15256;94043.19
[2025-12-09 12:16:31.173] ;15275;93922.07
[2025-12-09 12:16:31.198] ;15292;93925.91
[2025-12-09 12:16:31.216] ;15309;93904.33
[2025-12-09 12:16:31.231] ;15327;93798.97
[2025-12-09 12:16:31.248] ;15345;93758.13
[2025-12-09 12:16:31.264] ;15363;93819.24
[2025-12-09 12:16:31.281] ;15380;94057.49
[2025-12-09 12:16:31.305] ;15398;94255.85
[2025-12-09 12:16:31.322] ;15416;94480
[2025-12-09 12:16:31.339] ;15433;94307.57
[2025-12-09 12:16:31.354] ;15451;93980.82
[2025-12-09 12:16:31.370] ;15469;93701.58
[2025-12-09 12:16:31.388] ;15486;93527.27
[2025-12-09 12:16:31.403] ;15504;93609.67
[2025-12-09 12:16:31.429] ;15521;93834.49
[2025-12-09 12:16:31.445] ;15540;94241.07
[2025-12-09 12:16:31.462] ;15557;94385.66
[2025-12-09 12:16:31.478] ;15575;94381.67
[2025-12-09 12:16:31.495] ;15592;94262.86
[2025-12-09 12:16:31.513] ;15610;94038.41
[2025-12-09 12:16:31.529] ;15628;93935.64
[2025-12-09 12:16:31.546] ;15645;93825.66
[2025-12-09 12:16:31.562] ;15664;93791.32
[2025-12-09 12:16:31.588] ;15681;93866.03
[2025-12-09 12:16:31.605] ;15698;94038.14
[2025-12-09 12:16:31.620] ;15716;94318.8
[2025-12-09 12:16:31.639] ;15734;94304.41
[2025-12-09 12:16:31.654] ;15752;94040.24
[2025-12-09 12:16:31.671] ;15769;93870.78
[2025-12-09 12:16:31.688] ;15787;93801.39
[2025-12-09 12:16:31.705] ;15805;93883.1
[2025-12-09 12:16:31.723] ;15822;94062.71
[2025-12-09 12:16:31.738] ;15840;94180.36
[2025-12-09 12:16:31.762] ;15857;94284.1
[2025-12-09 12:16:31.780] ;15876;94255.94
[2025-12-09 12:16:31.795] ;15893;94232.72
[2025-12-09 12:16:31.812] ;15910;94087.24
[2025-12-09 12:16:31.829] ;15929;93984.21
[2025-12-09 12:16:31.845] ;15946;93858.49
[2025-12-09 12:16:31.870] ;15964;93818.8
[2025-12-09 12:16:31.888] ;15981;93913.07
[2025-12-09 12:16:31.904] ;16000;94071.5
[2025-12-09 12:16:31.920] ;16017;94337.14
[2025-12-09 12:16:31.938] ;16034;94429.27
[2025-12-09 12:16:31.953] ;16052;94424.96
[2025-12-09 12:16:31.970] ;16070;94330.77
[2025-12-09 12:16:31.988] ;16088;94087.46
[2025-12-09 12:16:32.006] ;16105;93905.49
[2025-12-09 12:16:32.020] ;16122;93751.16
[2025-12-09 12:16:32.044] ;16141;93764.92
[2025-12-09 12:16:32.064] ;16158;93942.38
[2025-12-09 12:16:32.078] ;16176;94140.21
[2025-12-09 12:16:32.094] ;16193;94348.11
[2025-12-09 12:16:32.111] ;16211;94539.57
[2025-12-09 12:16:32.128] ;16229;94560.71
[2025-12-09 12:16:32.148] ;16246;94462.5
[2025-12-09 12:16:32.169] ;16265;94240.41
[2025-12-09 12:16:32.186] ;16282;93861.42
[2025-12-09 12:16:32.202] ;16300;93718.63
[2025-12-09 12:16:32.221] ;16317;93791.66
[2025-12-09 12:16:32.238] ;16335;94010.8
[2025-12-09 12:16:32.252] ;16353;94357.52
[2025-12-09 12:16:32.269] ;16370;94516.49
[2025-12-09 12:16:32.289] ;16388;94502.1
[2025-12-09 12:16:32.308] ;16406;94420.66
[2025-12-09 12:16:32.328] ;16423;94178.3
[2025-12-09 12:16:32.344] ;16441;94010.66
[2025-12-09 12:16:32.361] ;16458;93867.39
[2025-12-09 12:16:32.377] ;16477;93897.22
[2025-12-09 12:16:32.394] ;16494;94148.42
[2025-12-09 12:16:32.415] ;16512;94380.8
[2025-12-09 12:16:32.427] ;16530;94698.38
[2025-12-09 12:16:32.452] ;16547;94672.3
[2025-12-09 12:16:32.469] ;16565;94461.55
[2025-12-09 12:16:32.486] ;16582;94041.35
[2025-12-09 12:16:32.507] ;16601;93877.3
[2025-12-09 12:16:32.519] ;16618;93891.27
[2025-12-09 12:16:32.535] ;16635;94095.42
[2025-12-09 12:16:32.552] ;16653;94600.61
[2025-12-09 12:16:32.569] ;16671;94768.24
[2025-12-09 12:16:32.586] ;16689;94646.08
[2025-12-09 12:16:32.610] ;16706;94443.21
[2025-12-09 12:16:32.627] ;16723;94108.41
[2025-12-09 12:16:32.645] ;16742;93897.96
[2025-12-09 12:16:32.660] ;16759;93856
[2025-12-09 12:16:32.681] ;16777;94018.17
[2025-12-09 12:16:32.693] ;16795;94464.96
[2025-12-09 12:16:32.710] ;16813;94595.13
[2025-12-09 12:16:32.735] ;16830;94562.02
[2025-12-09 12:16:32.752] ;16847;94424.88
[2025-12-09 12:16:32.768] ;16866;94258.57
[2025-12-09 12:16:32.785] ;16883;94204.14
[2025-12-09 12:16:32.802] ;16901;94092.07
[2025-12-09 12:16:32.820] ;16918;94132.97
[2025-12-09 12:16:32.835] ;16936;94260.72
[2025-12-09 12:16:32.854] ;16954;94496.75
[2025-12-09 12:16:32.868] ;16971;94581.99
[2025-12-09 12:16:32.893] ;16989;94453.75
[2025-12-09 12:16:32.910] ;17007;94334.78
[2025-12-09 12:16:32.926] ;17025;94243.72
[2025-12-09 12:16:32.942] ;17042;94228.02
[2025-12-09 12:16:32.965] ;17060;94219.99
[2025-12-09 12:16:32.976] ;17078;94213.61
[2025-12-09 12:16:32.994] ;17095;94265.77
[2025-12-09 12:16:33.012] ;17113;94350.91
[2025-12-09 12:16:33.028] ;17131;94484.89
[2025-12-09 12:16:33.044] ;17148;94529.14
[2025-12-09 12:16:33.069] ;17166;94560.67
[2025-12-09 12:16:33.085] ;17183;94527.78
[2025-12-09 12:16:33.102] ;17202;94352.66
[2025-12-09 12:16:33.124] ;17219;94255.24
[2025-12-09 12:16:33.141] ;17236;94231.33
[2025-12-09 12:16:33.154] ;17254;94233.11
[2025-12-09 12:16:33.177] ;17272;94274.71
[2025-12-09 12:16:33.193] ;17290;94432.78
[2025-12-09 12:16:33.210] ;17307;94575.24
[2025-12-09 12:16:33.227] ;17326;94528.1
[2025-12-09 12:16:33.243] ;17343;94488.86
[2025-12-09 12:16:33.259] ;17360;94490.3
[2025-12-09 12:16:33.276] ;17378;94414.91
[2025-12-09 12:16:33.293] ;17396;94319.05
[2025-12-09 12:16:33.310] ;17414;94355.86
[2025-12-09 12:16:33.326] ;17431;94382.5
[2025-12-09 12:16:33.352] ;17448;94435.35
[2025-12-09 12:16:33.368] ;17467;94549.32
[2025-12-09 12:16:33.385] ;17484;94553.53
[2025-12-09 12:16:33.401] ;17502;94531.1
[2025-12-09 12:16:33.420] ;17519;94521.52
[2025-12-09 12:16:33.437] ;17538;94519.57
[2025-12-09 12:16:33.451] ;17555;94506.47
[2025-12-09 12:16:33.476] ;17572;94605.35
[2025-12-09 12:16:33.493] ;17590;94608.49
[2025-12-09 12:16:33.510] ;17608;94528.28
[2025-12-09 12:16:33.530] ;17626;94513
[2025-12-09 12:16:33.545] ;17643;94603.64
[2025-12-09 12:16:33.562] ;17661;94758.44
[2025-12-09 12:16:33.584] ;17679;94904.64
[2025-12-09 12:16:33.600] ;17696;94805.03
[2025-12-09 12:16:33.609] ;17714;94690.11
[2025-12-09 12:16:33.636] ;17732;94742.83
[2025-12-09 12:16:33.650] ;17750;94725.33
[2025-12-09 12:16:33.667] ;17767;94706.5
[2025-12-09 12:16:33.684] ;17784;94525.96
[2025-12-09 12:16:33.703] ;17803;94475.82
[2025-12-09 12:16:33.719] ;17820;94562.88
[2025-12-09 12:16:33.736] ;17838;94782.05
[2025-12-09 12:16:33.759] ;17855;94892.8
[2025-12-09 12:16:33.776] ;17873;94745.05
[2025-12-09 12:16:33.793] ;17891;94703.03
[2025-12-09 12:16:33.809] ;17908;94496.05
[2025-12-09 12:16:33.826] ;17927;94394.57
[2025-12-09 12:16:33.842] ;17944;94318.35
[2025-12-09 12:16:33.859] ;17961;94382.1
[2025-12-09 12:16:33.876] ;17979;94507.3
[2025-12-09 12:16:33.893] ;17997;94785.83
[2025-12-09 12:16:33.918] ;18015;94909.71
[2025-12-09 12:16:33.934] ;18032;94967.8
[2025-12-09 12:16:33.951] ;18050;94984.91
[2025-12-09 12:16:33.968] ;18068;94717.8
[2025-12-09 12:16:33.986] ;18085;94538.08
[2025-12-09 12:16:34.001] ;18103;94369.33
[2025-12-09 12:16:34.018] ;18120;94361.07
[2025-12-09 12:16:34.042] ;18139;94489.6
[2025-12-09 12:16:34.052] ;18156;94623.83
[2025-12-09 12:16:34.067] ;18173;94842.99
[2025-12-09 12:16:34.093] ;18192;94939.8
[2025-12-09 12:16:34.109] ;18209;95003.89
[2025-12-09 12:16:34.126] ;18227;95004.22
[2025-12-09 12:16:34.142] ;18244;94901.46
[2025-12-09 12:16:34.159] ;18263;94720.99
[2025-12-09 12:16:34.175] ;18280;94460.72
[2025-12-09 12:16:34.200] ;18297;94371.67
[2025-12-09 12:16:34.217] ;18315;94439.92
[2025-12-09 12:16:34.234] ;18333;94591.91
[2025-12-09 12:16:34.250] ;18351;94781.82
[2025-12-09 12:16:34.267] ;18368;95043.5
[2025-12-09 12:16:34.286] ;18385;95141.85
[2025-12-09 12:16:34.304] ;18404;95063.16
[2025-12-09 12:16:34.318] ;18421;94898.07
[2025-12-09 12:16:34.334] ;18439;94697.72
[2025-12-09 12:16:34.350] ;18456;94568.6
[2025-12-09 12:16:34.377] ;18475;94490.11
[2025-12-09 12:16:34.392] ;18492;94527.39
[2025-12-09 12:16:34.409] ;18509;94707.22
[2025-12-09 12:16:34.426] ;18528;94856.6
[2025-12-09 12:16:34.442] ;18545;95066.1
[2025-12-09 12:16:34.459] ;18563;95119.33
[2025-12-09 12:16:34.483] ;18580;94949.67
[2025-12-09 12:16:34.500] ;18598;94786.41
[2025-12-09 12:16:34.517] ;18616;94600.19
[2025-12-09 12:16:34.533] ;18633;94552.19
[2025-12-09 12:16:34.552] ;18651;94565.17
[2025-12-09 12:16:34.567] ;18669;94638.88
[2025-12-09 12:16:34.586] ;18686;94749.24
[2025-12-09 12:16:34.603] ;18704;94925.13
[2025-12-09 12:16:34.617] ;18721;95017.44
[2025-12-09 12:16:34.633] ;18740;95068.88
[2025-12-09 12:16:34.659] ;18757;95021.8
[2025-12-09 12:16:34.675] ;18775;94894.91
[2025-12-09 12:16:34.692] ;18793;94789
[2025-12-09 12:16:34.709] ;18810;94654.8
[2025-12-09 12:16:34.726] ;18828;94649.72
[2025-12-09 12:16:34.747] ;18845;94786.38
[2025-12-09 12:16:34.767] ;18864;94931.47
[2025-12-09 12:16:34.783] ;18881;95170.99
[2025-12-09 12:16:34.800] ;18898;95336.3
[2025-12-09 12:16:34.817] ;18916;95272.21
[2025-12-09 12:16:34.836] ;18934;94921.66
[2025-12-09 12:16:34.851] ;18952;94560.82
[2025-12-09 12:16:34.868] ;18969;94415.47
[2025-12-09 12:16:34.883] ;18987;94487.39
[2025-12-09 12:16:34.903] ;19005;94719.41
[2025-12-09 12:16:34.920] ;19022;95235.16
[2025-12-09 12:16:34.941] ;19040;95447.11
[2025-12-09 12:16:34.958] ;19058;95438.1
[2025-12-09 12:16:34.974] ;19076;95161.88
[2025-12-09 12:16:34.991] ;19093;95037.57
[2025-12-09 12:16:35.008] ;19110;94748.41
[2025-12-09 12:16:35.024] ;19129;94567.89
[2025-12-09 12:16:35.041] ;19146;94523.3
[2025-12-09 12:16:35.066] ;19164;94664.24
[2025-12-09 12:16:35.083] ;19181;95088
[2025-12-09 12:16:35.091] ;19200;95356.67
[2025-12-09 12:16:35.118] ;19217;95569.47
[2025-12-09 12:16:35.135] ;19234;95386.38
[2025-12-09 12:16:35.152] ;19252;94973.52
[2025-12-09 12:16:35.168] ;19270;94759.99
[2025-12-09 12:16:35.182] ;19288;94598.57
[2025-12-09 12:16:35.199] ;19305;94593.55
[2025-12-09 12:16:35.225] ;19323;94831.42
[2025-12-09 12:16:35.241] ;19341;95130.36
[2025-12-09 12:16:35.258] ;19358;95466.77
[2025-12-09 12:16:35.275] ;19376;95472.1
[2025-12-09 12:16:35.292] ;19394;95277.89
[2025-12-09 12:16:35.308] ;19411;94889.52
[2025-12-09 12:16:35.329] ;19429;94684.58
[2025-12-09 12:16:35.349] ;19446;94598.55
[2025-12-09 12:16:35.365] ;19465;94729.42
[2025-12-09 12:16:35.382] ;19482;95168.27
[2025-12-09 12:16:35.398] ;19500;95452.71
[2025-12-09 12:16:35.416] ;19517;95493.38
[2025-12-09 12:16:35.432] ;19535;95280.24
[2025-12-09 12:16:35.449] ;19553;94965.39
[2025-12-09 12:16:35.466] ;19570;94934.77
[2025-12-09 12:16:35.485] ;19588;94921.64
[2025-12-09 12:16:35.508] ;19606;94941.94
[2025-12-09 12:16:35.525] ;19623;95039.08
[2025-12-09 12:16:35.541] ;19641;95127.25
[2025-12-09 12:16:35.559] ;19659;95286.88
[2025-12-09 12:16:35.574] ;19677;95489.8
[2025-12-09 12:16:35.591] ;19694;95397.47
[2025-12-09 12:16:35.608] ;19712;95129.86
[2025-12-09 12:16:35.625] ;19730;94866.13
[2025-12-09 12:16:35.641] ;19747;94869.1
[2025-12-09 12:16:35.657] ;19765;95075.1
[2025-12-09 12:16:35.684] ;19782;95212.3
[2025-12-09 12:16:35.699] ;19801;95181
[2025-12-09 12:16:35.716] ;19818;95114.13
[2025-12-09 12:16:35.738] ;19835;95086.71
[2025-12-09 12:16:35.751] ;19853;95111
[2025-12-09 12:16:35.768] ;19871;95216.75
[2025-12-09 12:16:35.784] ;19889;95188.58
[2025-12-09 12:16:35.800] ;19906;95162.74
[2025-12-09 12:16:35.817] ;19924;95145.36
[2025-12-09 12:16:35.840] ;19942;95198.47
[2025-12-09 12:16:35.857] ;19959;95168.1
[2025-12-09 12:16:35.875] ;19977;95109.21
[2025-12-09 12:16:35.890] ;19995;95185.53
[2025-12-09 12:16:35.907] ;20013;95268.88
[2025-12-09 12:16:35.924] ;20030;95227.27
[2025-12-09 12:16:35.940] ;20047;95130.28
[2025-12-09 12:16:35.967] ;20066;95052.63
[2025-12-09 12:16:35.984] ;20083;95096.47
[2025-12-09 12:16:35.998] ;20101;95132.92
[2025-12-09 12:16:36.015] ;20118;95236.71
[2025-12-09 12:16:36.031] ;20136;95292.47
[2025-12-09 12:16:36.048] ;20154;95359.41
[2025-12-09 12:16:36.073] ;20171;95410.13
[2025-12-09 12:16:36.089] ;20190;95397.16
[2025-12-09 12:16:36.106] ;20207;95251.99
[2025-12-09 12:16:36.122] ;20225;95063.88
[2025-12-09 12:16:36.139] ;20242;94988.69
[2025-12-09 12:16:36.156] ;20260;95000.44
[2025-12-09 12:16:36.173] ;20278;95118.32
[2025-12-09 12:16:36.189] ;20295;95361.02
[2025-12-09 12:16:36.206] ;20313;95470.22
[2025-12-09 12:16:36.222] ;20331;95468.38
[2025-12-09 12:16:36.247] ;20348;95394.35
[2025-12-09 12:16:36.264] ;20366;95321.63
[2025-12-09 12:16:36.280] ;20383;95269.89
[2025-12-09 12:16:36.300] ;20402;95189.47
[2025-12-09 12:16:36.317] ;20419;95155.94
[2025-12-09 12:16:36.329] ;20436;95154.13
[2025-12-09 12:16:36.356] ;20455;95189.05
[2025-12-09 12:16:36.371] ;20472;95267.91
[2025-12-09 12:16:36.387] ;20490;95450.46
[2025-12-09 12:16:36.404] ;20507;95534.36
[2025-12-09 12:16:36.424] ;20526;95527.67
[2025-12-09 12:16:36.436] ;20543;95485.14
[2025-12-09 12:16:36.454] ;20560;95351.27
[2025-12-09 12:16:36.478] ;20578;95186.08
[2025-12-09 12:16:36.494] ;20596;95075
[2025-12-09 12:16:36.511] ;20614;95130
[2025-12-09 12:16:36.527] ;20631;95262.35
[2025-12-09 12:16:36.544] ;20648;95395.28
[2025-12-09 12:16:36.561] ;20667;95554.85
[2025-12-09 12:16:36.585] ;20684;95557.49
[2025-12-09 12:16:36.602] ;20702;95483.25
[2025-12-09 12:16:36.619] ;20719;95435.94
[2025-12-09 12:16:36.627] ;20738;95270.07
[2025-12-09 12:16:36.652] ;20755;95180.92
[2025-12-09 12:16:36.668] ;20772;95176.03
[2025-12-09 12:16:36.685] ;20791;95260.03
[2025-12-09 12:16:36.701] ;20808;95377.25
[2025-12-09 12:16:36.718] ;20826;95554.14
[2025-12-09 12:16:36.738] ;20843;95629.83
[2025-12-09 12:16:36.759] ;20861;95617
[2025-12-09 12:16:36.776] ;20879;95459.16
[2025-12-09 12:16:36.792] ;20896;95235.8
[2025-12-09 12:16:36.809] ;20914;95138.82
[2025-12-09 12:16:36.825] ;20932;95198.42
[2025-12-09 12:16:36.842] ;20950;95388.1
[2025-12-09 12:16:36.868] ;20967;95606.71
[2025-12-09 12:16:36.883] ;20984;95562.78
[2025-12-09 12:16:36.899] ;21003;95459.14
[2025-12-09 12:16:36.916] ;21020;95388.8
[2025-12-09 12:16:36.932] ;21038;95251.38
[2025-12-09 12:16:36.948] ;21056;95231.82
[2025-12-09 12:16:36.964] ;21073;95413.36
[2025-12-09 12:16:36.989] ;21091;95597.32
[2025-12-09 12:16:37.006] ;21108;95659.75
[2025-12-09 12:16:37.022] ;21127;95574.49
[2025-12-09 12:16:37.039] ;21144;95335.17
[2025-12-09 12:16:37.056] ;21161;95229.47
[2025-12-09 12:16:37.073] ;21179;95219.47
[2025-12-09 12:16:37.098] ;21197;95420.61
[2025-12-09 12:16:37.114] ;21215;95618.82
[2025-12-09 12:16:37.131] ;21232;95759.75
[2025-12-09 12:16:37.147] ;21250;95683.47
[2025-12-09 12:16:37.163] ;21268;95477.27
[2025-12-09 12:16:37.180] ;21285;95437.1
[2025-12-09 12:16:37.200] ;21303;95553.11
[2025-12-09 12:16:37.222] ;21321;95477.82
[2025-12-09 12:16:37.237] ;21339;95398.38
[2025-12-09 12:16:37.248] ;21356;95426.38
[2025-12-09 12:16:37.272] ;21373;95497.78
[2025-12-09 12:16:37.289] ;21392;95492.27
[2025-12-09 12:16:37.305] ;21409;95478.88
[2025-12-09 12:16:37.322] ;21427;95518.39
[2025-12-09 12:16:37.342] ;21444;95657.38
[2025-12-09 12:16:37.354] ;21463;95754.14
[2025-12-09 12:16:37.379] ;21480;95750.32
[2025-12-09 12:16:37.397] ;21497;95618
[2025-12-09 12:16:37.413] ;21515;95484.61
[2025-12-09 12:16:37.430] ;21533;95328.83
[2025-12-09 12:16:37.449] ;21551;95286.75
[2025-12-09 12:16:37.466] ;21568;95404.47
[2025-12-09 12:16:37.483] ;21586;95596.21
[2025-12-09 12:16:37.495] ;21604;95815.19
[2025-12-09 12:16:37.518] ;21621;95792.19
[2025-12-09 12:16:37.532] ;21639;95648.24
[2025-12-09 12:16:37.553] ;21657;95643.32
[2025-12-09 12:16:37.570] ;21675;95518.3
[2025-12-09 12:16:37.587] ;21692;95474.42
[2025-12-09 12:16:37.610] ;21709;95539.39
[2025-12-09 12:16:37.618] ;21728;95682.28
[2025-12-09 12:16:37.635] ;21745;95932.52
[2025-12-09 12:16:37.660] ;21763;95838.64
[2025-12-09 12:16:37.676] ;21780;95824.67
[2025-12-09 12:16:37.693] ;21798;95520.77
[2025-12-09 12:16:37.710] ;21816;95230.42
[2025-12-09 12:16:37.732] ;21833;95230.42
[2025-12-09 12:16:37.743] ;21851;95597.08
[2025-12-09 12:16:37.760] ;21869;95973.78
[2025-12-09 12:16:37.784] ;21886;96156.28
[2025-12-09 12:16:37.801] ;21904;95810.86
[2025-12-09 12:16:37.818] ;21922;95527.08
[2025-12-09 12:16:37.834] ;21940;95701.03
[2025-12-09 12:16:37.850] ;21957;95666.27
[2025-12-09 12:16:37.867] ;21975;95573.08
[2025-12-09 12:16:37.891] ;21993;95563.53
[2025-12-09 12:16:37.908] ;22010;95642.05
[2025-12-09 12:16:37.924] ;22028;95692.08
[2025-12-09 12:16:37.940] ;22045;95741.42
[2025-12-09 12:16:37.957] ;22064;95782.46
[2025-12-09 12:16:37.973] ;22081;95834.35
[2025-12-09 12:16:37.990] ;22098;95804.74
[2025-12-09 12:16:38.015] ;22116;95699.36
[2025-12-09 12:16:38.031] ;22134;95649.02
[2025-12-09 12:16:38.048] ;22152;95678.92
[2025-12-09 12:16:38.065] ;22169;95700.83
[2025-12-09 12:16:38.081] ;22188;95677.82
[2025-12-09 12:16:38.099] ;22205;95699.82
[2025-12-09 12:16:38.115] ;22222;95830.24
[2025-12-09 12:16:38.132] ;22240;95910.78
[2025-12-09 12:16:38.148] ;22258;95929.83
[2025-12-09 12:16:38.173] ;22276;95883.05
[2025-12-09 12:16:38.190] ;22293;95918.72
[2025-12-09 12:16:38.208] ;22310;95799.17
[2025-12-09 12:16:38.224] ;22329;95693.46
[2025-12-09 12:16:38.240] ;22346;95585.17
[2025-12-09 12:16:38.257] ;22364;95574.88
[2025-12-09 12:16:38.273] ;22381;95731.14
[2025-12-09 12:16:38.297] ;22400;95898.42
[2025-12-09 12:16:38.314] ;22417;95961.78
[2025-12-09 12:16:38.330] ;22434;95893.89
[2025-12-09 12:16:38.350] ;22453;95936.58
[2025-12-09 12:16:38.365] ;22470;95971.47
[2025-12-09 12:16:38.380] ;22488;95826.6
[2025-12-09 12:16:38.404] ;22505;95718.25
[2025-12-09 12:16:38.415] ;22523;95624.72
[2025-12-09 12:16:38.429] ;22541;95653
[2025-12-09 12:16:38.456] ;22558;95863.61
[2025-12-09 12:16:38.471] ;22576;95996.83
[2025-12-09 12:16:38.488] ;22594;95980.27
[2025-12-09 12:16:38.504] ;22611;95842.69
[2025-12-09 12:16:38.521] ;22629;96002.67
[2025-12-09 12:16:38.538] ;22646;95926.17
[2025-12-09 12:16:38.554] ;22665;95817.77
[2025-12-09 12:16:38.580] ;22682;95884.89
[2025-12-09 12:16:38.596] ;22700;95876.61
[2025-12-09 12:16:38.613] ;22718;95763.64
[2025-12-09 12:16:38.631] ;22735;95736.97
[2025-12-09 12:16:38.647] ;22753;95887.92
[2025-12-09 12:16:38.664] ;22770;96079.35
[2025-12-09 12:16:38.679] ;22789;96113.46
[2025-12-09 12:16:38.696] ;22806;96014.85
[2025-12-09 12:16:38.713] ;22823;96053.97
[2025-12-09 12:16:38.739] ;22841;95858.16
[2025-12-09 12:16:38.754] ;22859;95669.46
[2025-12-09 12:16:38.771] ;22877;95677.88
[2025-12-09 12:16:38.788] ;22894;95910.44
[2025-12-09 12:16:38.805] ;22912;96102.02
[2025-12-09 12:16:38.821] ;22930;96081.83
[2025-12-09 12:16:38.838] ;22947;95997.99
[2025-12-09 12:16:38.863] ;22965;96102.36
[2025-12-09 12:16:38.880] ;22982;96051.17
[2025-12-09 12:16:38.888] ;23001;95971.17
[2025-12-09 12:16:38.916] ;23018;95814.75
[2025-12-09 12:16:38.931] ;23035;95785.08
[2025-12-09 12:16:38.948] ;23054;95880.02
[2025-12-09 12:16:38.963] ;23071;96011.47
[2025-12-09 12:16:38.979] ;23089;96132.94
[2025-12-09 12:16:38.996] ;23106;96074.27
[2025-12-09 12:16:39.012] ;23124;96110.74
[2025-12-09 12:16:39.038] ;23142;96235.71
[2025-12-09 12:16:39.055] ;23159;96123.67
[2025-12-09 12:16:39.071] ;23177;96030.38
[2025-12-09 12:16:39.088] ;23195;95928.64
[2025-12-09 12:16:39.105] ;23213;95920.39
[2025-12-09 12:16:39.121] ;23230;95878.82
[2025-12-09 12:16:39.138] ;23247;95905.38
[2025-12-09 12:16:39.155] ;23266;96051.83
[2025-12-09 12:16:39.171] ;23283;96190.16
[2025-12-09 12:16:39.196] ;23301;96144.02
[2025-12-09 12:16:39.214] ;23319;96203.13
[2025-12-09 12:16:39.231] ;23336;96219.99
[2025-12-09 12:16:39.247] ;23354;96155.6
[2025-12-09 12:16:39.263] ;23371;96066.78
[2025-12-09 12:16:39.279] ;23390;95971.05
[2025-12-09 12:16:39.296] ;23407;95933.83
[2025-12-09 12:16:39.321] ;23425;96130.14
[2025-12-09 12:16:39.338] ;23442;96137.57
[2025-12-09 12:16:39.354] ;23460;95993.33
[2025-12-09 12:16:39.371] ;23478;95980.85
[2025-12-09 12:16:39.387] ;23495;96236.17
[2025-12-09 12:16:39.403] ;23513;96270.14
[2025-12-09 12:16:39.421] ;23531;96249.33
[2025-12-09 12:16:39.439] ;23548;96213.75
[2025-12-09 12:16:39.453] ;23566;96223.24
[2025-12-09 12:16:39.478] ;23584;96180.42
[2025-12-09 12:16:39.495] ;23602;96057.52
[2025-12-09 12:16:39.512] ;23619;96166.83
[2025-12-09 12:16:39.530] ;23636;96227.58
[2025-12-09 12:16:39.546] ;23655;96151.52
[2025-12-09 12:16:39.567] ;23672;96260.1
[2025-12-09 12:16:39.579] ;23690;96252.78
[2025-12-09 12:16:39.596] ;23707;96258.39
[2025-12-09 12:16:39.615] ;23726;96262.33
[2025-12-09 12:16:39.633] ;23743;96261.97
[2025-12-09 12:16:39.655] ;23760;96266.55
[2025-12-09 12:16:39.671] ;23778;96266.71
[2025-12-09 12:16:39.687] ;23796;96270.78
[2025-12-09 12:16:39.704] ;23814;96270.71
[2025-12-09 12:16:39.721] ;23831;96271.74
[2025-12-09 12:16:39.738] ;23849;96273.66
[2025-12-09 12:16:39.763] ;23867;96275.32
[2025-12-09 12:16:39.779] ;23884;96276.16
[2025-12-09 12:16:39.796] ;23902;96277.88
[2025-12-09 12:16:39.813] ;23920;96279.19
[2025-12-09 12:16:39.832] ;23938;96280.49
[2025-12-09 12:16:39.847] ;23955;96281.88
[2025-12-09 12:16:39.864] ;23972;96283.82
[2025-12-09 12:16:39.883] ;23991;96284.69
[2025-12-09 12:16:39.897] ;24008;96286.57
[2025-12-09 12:16:39.916] ;24026;96287.8
[2025-12-09 12:16:39.939] ;24043;96288.44
[2025-12-09 12:16:39.955] ;24061;96290.32
[2025-12-09 12:16:39.971] ;24079;96291.07
[2025-12-09 12:16:39.989] ;24096;96292.82
[2025-12-09 12:16:40.005] ;24114;96293.72
[2025-12-09 12:16:40.022] ;24132;96295.14
[2025-12-09 12:16:40.046] ;24150;96296.33
[2025-12-09 12:16:40.062] ;24167;96297.63
[2025-12-09 12:16:40.079] ;24185;96298.72
[2025-12-09 12:16:40.096] ;24203;96300.27
[2025-12-09 12:16:40.112] ;24220;96300.85
[2025-12-09 12:16:40.129] ;24238;96302.46
[2025-12-09 12:16:40.147] ;24256;96303.47
[2025-12-09 12:16:40.164] ;24273;96304.5
[2025-12-09 12:16:40.180] ;24291;96305.38
[2025-12-09 12:16:40.198] ;24308;96306.88
[2025-12-09 12:16:40.220] ;24327;96308.28
[2025-12-09 12:16:40.237] ;24344;96309.64
[2025-12-09 12:16:40.254] ;24361;96310
[2025-12-09 12:16:40.270] ;24379;96311.08
[2025-12-09 12:16:40.287] ;24397;96312.16
[2025-12-09 12:16:40.303] ;24415;96313.61
[2025-12-09 12:16:40.320] ;24432;96315.22
[2025-12-09 12:16:40.345] ;24451;96315.64
[2025-12-09 12:16:40.354] ;24468;96316.75
[2025-12-09 12:16:40.370] ;24485;96318.38
[2025-12-09 12:16:40.395] ;24503;96319.13
[2025-12-09 12:16:40.413] ;24521;96319.88
[2025-12-09 12:16:40.432] ;24539;96321.52
[2025-12-09 12:16:40.444] ;24556;96322.24
[2025-12-09 12:16:40.465] ;24573;96323.35
[2025-12-09 12:16:40.478] ;24592;96324.13
[2025-12-09 12:16:40.504] ;24609;96325.88
[2025-12-09 12:16:40.521] ;24627;96327.02
[2025-12-09 12:16:40.537] ;24644;96328
[2025-12-09 12:16:40.554] ;24663;96328.57
[2025-12-09 12:16:40.570] ;24680;96329.97
[2025-12-09 12:16:40.587] ;24697;96330.22
[2025-12-09 12:16:40.604] ;24716;96331.83
[2025-12-09 12:16:40.620] ;24733;96332.88
[2025-12-09 12:16:40.637] ;24751;96333.66
[2025-12-09 12:16:40.653] ;24768;96335.08
[2025-12-09 12:16:40.678] ;24786;96335.63
[2025-12-09 12:16:40.696] ;24804;96337.11
[2025-12-09 12:16:40.711] ;24821;96338.47
[2025-12-09 12:16:40.728] ;24839;96338.96
[2025-12-09 12:16:40.745] ;24857;96339.83
[2025-12-09 12:16:40.761] ;24875;96341.22
[2025-12-09 12:16:40.786] ;24892;96342.46
[2025-12-09 12:16:40.803] ;24909;96343.08
[2025-12-09 12:16:40.819] ;24928;96344.05
[2025-12-09 12:16:40.836] ;24945;96344.5
[2025-12-09 12:16:40.853] ;24963;96345.82
[2025-12-09 12:16:40.869] ;24981;96347.25
[2025-12-09 12:16:40.886] ;24998;96347.78
[2025-12-09 12:16:40.911] ;25016;96349.24
[2025-12-09 12:16:40.927] ;25033;96349.96
[2025-12-09 12:16:40.944] ;25052;96351.03
[2025-12-09 12:16:40.960] ;25069;96351.99
[2025-12-09 12:16:40.980] ;25086;96352.42
[2025-12-09 12:16:40.997] ;25104;96353.97
[2025-12-09 12:16:41.011] ;25122;96354.88
[2025-12-09 12:16:41.028] ;25140;96355.33
[2025-12-09 12:16:41.044] ;25157;96356.19
[2025-12-09 12:16:41.069] ;25175;96357.52
[2025-12-09 12:16:41.086] ;25193;96358.11
[2025-12-09 12:16:41.103] ;25210;96359
[2025-12-09 12:16:41.119] ;25228;96359.66
[2025-12-09 12:16:41.136] ;25246;96361.6
[2025-12-09 12:16:41.152] ;25264;96362.07
[2025-12-09 12:16:41.169] ;25281;96363.11
[2025-12-09 12:16:41.188] ;25298;96363.99
[2025-12-09 12:16:41.203] ;25317;96365.52
[2025-12-09 12:16:41.220] ;25334;96365.85
[2025-12-09 12:16:41.244] ;25352;96366.83
[2025-12-09 12:16:41.261] ;25369;96367.75
[2025-12-09 12:16:41.278] ;25388;96368.88
[2025-12-09 12:16:41.295] ;25405;96369.38
[2025-12-09 12:16:41.310] ;25422;96370.39
[2025-12-09 12:16:41.327] ;25440;96370.82
[2025-12-09 12:16:41.352] ;25458;96371.86
[2025-12-09 12:16:41.369] ;25476;96373.08
[2025-12-09 12:16:41.385] ;25493;96373.3
[2025-12-09 12:16:41.402] ;25510;96374.92
[2025-12-09 12:16:41.419] ;25529;96375.28
[2025-12-09 12:16:41.435] ;25546;96376.49
[2025-12-09 12:16:41.452] ;25564;96377.11
[2025-12-09 12:16:41.468] ;25582;96378.07
[2025-12-09 12:16:41.487] ;25600;96378.49
[2025-12-09 12:16:41.501] ;25617;96380
[2025-12-09 12:16:41.526] ;25634;96380.44
[2025-12-09 12:16:41.543] ;25653;96381.66
[2025-12-09 12:16:41.559] ;25670;96382.32
[2025-12-09 12:16:41.579] ;25688;96383.22
[2025-12-09 12:16:41.595] ;25705;96383.53
[2025-12-09 12:16:41.612] ;25723;96385.28
[2025-12-09 12:16:41.633] ;25741;96385.46
[2025-12-09 12:16:41.650] ;25758;96386.77
[2025-12-09 12:16:41.666] ;25776;96386.96
[2025-12-09 12:16:41.683] ;25794;96388.53
[2025-12-09 12:16:41.700] ;25811;96389.49
[2025-12-09 12:16:41.717] ;25829;96389.88
[2025-12-09 12:16:41.734] ;25847;96391.61
[2025-12-09 12:16:41.751] ;25865;96392.08
[2025-12-09 12:16:41.767] ;25882;96392.35
[2025-12-09 12:16:41.784] ;25900;96393.27
[2025-12-09 12:16:41.810] ;25918;96394.71
[2025-12-09 12:16:41.826] ;25935;96395.47
[2025-12-09 12:16:41.843] ;25953;96396.07
[2025-12-09 12:16:41.862] ;25970;96396.52
[2025-12-09 12:16:41.876] ;25989;96397.75
[2025-12-09 12:16:41.893] ;26006;96397.82
[2025-12-09 12:16:41.909] ;26023;96399.52
[2025-12-09 12:16:41.928] ;26041;96399.55
[2025-12-09 12:16:41.949] ;26059;96400.49
[2025-12-09 12:16:41.962] ;26077;96401.47
[2025-12-09 12:16:41.990] ;26094;96402.35
[2025-12-09 12:16:42.003] ;26113;96402.58
[2025-12-09 12:16:42.021] ;26130;96403.24
[2025-12-09 12:16:42.035] ;26147;96404.53
[2025-12-09 12:16:42.051] ;26165;96404.86
[2025-12-09 12:16:42.067] ;26183;96406.11
[2025-12-09 12:16:42.093] ;26201;96406.83
[2025-12-09 12:16:42.109] ;26218;96407.55
[2025-12-09 12:16:42.126] ;26235;96408.28
[2025-12-09 12:16:42.147] ;26254;96409.3
[2025-12-09 12:16:42.159] ;26271;96409.82
[2025-12-09 12:16:42.176] ;26289;96410.99
[2025-12-09 12:16:42.193] ;26306;96411.39
[2025-12-09 12:16:42.218] ;26324;96411.82
[2025-12-09 12:16:42.232] ;26342;96412.16
[2025-12-09 12:16:42.249] ;26359;96414.14
[2025-12-09 12:16:42.267] ;26377;96414.3
[2025-12-09 12:16:42.284] ;26395;96415.27
[2025-12-09 12:16:42.301] ;26413;96415.85
[2025-12-09 12:16:42.318] ;26430;96417.13
[2025-12-09 12:16:42.334] ;26448;96417.75
[2025-12-09 12:16:42.352] ;26466;96418.03
[2025-12-09 12:16:42.376] ;26483;96419
[2025-12-09 12:16:42.393] ;26501;96419.91
[2025-12-09 12:16:42.410] ;26519;96420.66
[2025-12-09 12:16:42.426] ;26536;96420.94
[2025-12-09 12:16:42.443] ;26554;96422.07
[2025-12-09 12:16:42.460] ;26571;96422.44
[2025-12-09 12:16:42.476] ;26590;96423.58
[2025-12-09 12:16:42.493] ;26607;96424.16
[2025-12-09 12:16:42.516] ;26625;96424.75
[2025-12-09 12:16:42.526] ;26642;96425.36
[2025-12-09 12:16:42.553] ;26660;96426.03
[2025-12-09 12:16:42.568] ;26678;96426.83
[2025-12-09 12:16:42.585] ;26695;96428.13
[2025-12-09 12:16:42.601] ;26714;96427.94
[2025-12-09 12:16:42.619] ;26731;96429.33
[2025-12-09 12:16:42.635] ;26748;96429.88
[2025-12-09 12:16:42.652] ;26766;96430.36
[2025-12-09 12:16:42.669] ;26784;96431.22
[2025-12-09 12:16:42.685] ;26802;96431.99
[2025-12-09 12:16:42.702] ;26819;96432.58
[2025-12-09 12:16:42.728] ;26836;96432.52
[2025-12-09 12:16:42.745] ;26855;96434.27
[2025-12-09 12:16:42.761] ;26872;96434.41
[2025-12-09 12:16:42.778] ;26890;96435.53
[2025-12-09 12:16:42.798] ;26907;96435.92
[2025-12-09 12:16:42.811] ;26926;96436.83
[2025-12-09 12:16:42.835] ;26943;96437.64
[2025-12-09 12:16:42.852] ;26960;96437.78
[2025-12-09 12:16:42.868] ;26979;96439.27
[2025-12-09 12:16:42.885] ;26996;96439.96
[2025-12-09 12:16:42.902] ;27014;96439.66
[2025-12-09 12:16:42.918] ;27031;96441.27
[2025-12-09 12:16:42.935] ;27049;96442.71
[2025-12-09 12:16:42.951] ;27067;96442.78
[2025-12-09 12:16:42.973] ;27084;96442.83
[2025-12-09 12:16:42.984] ;27102;96444.08
[2025-12-09 12:16:43.009] ;27120;96444.1
[2025-12-09 12:16:43.028] ;27138;96445.35
[2025-12-09 12:16:43.045] ;27155;96445.49
[2025-12-09 12:16:43.059] ;27172;96446.42
[2025-12-09 12:16:43.079] ;27191;96446.42
[2025-12-09 12:16:43.094] ;27208;96447.83
[2025-12-09 12:16:43.117] ;27226;96448.32
[2025-12-09 12:16:43.134] ;27244;96449.07
[2025-12-09 12:16:43.150] ;27261;96449.75
[2025-12-09 12:16:43.167] ;27279;96450.17
[2025-12-09 12:16:43.184] ;27296;96451.36
[2025-12-09 12:16:43.200] ;27315;96451.1
[2025-12-09 12:16:43.225] ;27332;96452.38
[2025-12-09 12:16:43.234] ;27350;96452.46
[2025-12-09 12:16:43.250] ;27367;96453.6
[2025-12-09 12:16:43.267] ;27385;96454.49
[2025-12-09 12:16:43.292] ;27403;96454.8
[2025-12-09 12:16:43.309] ;27420;96455.58
[2025-12-09 12:16:43.325] ;27438;96456.22
[2025-12-09 12:16:43.344] ;27456;96456.27
[2025-12-09 12:16:43.361] ;27473;96457.5
[2025-12-09 12:16:43.374] ;27491;96457.74
[2025-12-09 12:16:43.400] ;27508;96458.27
[2025-12-09 12:16:43.416] ;27527;96459.38
[2025-12-09 12:16:43.433] ;27544;96460.14
[2025-12-09 12:16:43.449] ;27561;96460.19
[2025-12-09 12:16:43.466] ;27580;96460.46
[2025-12-09 12:16:43.482] ;27597;96461.82
[2025-12-09 12:16:43.499] ;27615;96462.11
[2025-12-09 12:16:43.524] ;27632;96462.57
[2025-12-09 12:16:43.540] ;27651;96463.19
[2025-12-09 12:16:43.549] ;27668;96464.44
[2025-12-09 12:16:43.574] ;27685;96464.91
[2025-12-09 12:16:43.590] ;27703;96464.8
[2025-12-09 12:16:43.610] ;27721;96465.77
[2025-12-09 12:16:43.627] ;27739;96466.36
[2025-12-09 12:16:43.643] ;27756;96467.14
[2025-12-09 12:16:43.660] ;27773;96467.72
[2025-12-09 12:16:43.682] ;27792;96468.57
[2025-12-09 12:16:43.698] ;27809;96468.71
[2025-12-09 12:16:43.715] ;27827;96469.35
[2025-12-09 12:16:43.731] ;27845;96469.85
[2025-12-09 12:16:43.750] ;27863;96470.85
[2025-12-09 12:16:43.764] ;27880;96471.1
[2025-12-09 12:16:43.781] ;27897;96471.69
[2025-12-09 12:16:43.806] ;27916;96471.97
[2025-12-09 12:16:43.823] ;27933;96472.97
[2025-12-09 12:16:43.831] ;27951;96473.21
[2025-12-09 12:16:43.856] ;27968;96474.77
[2025-12-09 12:16:43.873] ;27986;96474.92
[2025-12-09 12:16:43.890] ;28004;96474.91
[2025-12-09 12:16:43.915] ;28021;96475.66
[2025-12-09 12:16:43.923] ;28039;96476.57
[2025-12-09 12:16:43.939] ;28057;96477.07
[2025-12-09 12:16:43.965] ;28075;96477.94
[2025-12-09 12:16:43.981] ;28092;96477.99
[2025-12-09 12:16:43.997] ;28110;96478.21
[2025-12-09 12:16:44.014] ;28128;96479.46
[2025-12-09 12:16:44.031] ;28145;96480.16
[2025-12-09 12:16:44.049] ;28163;96480.36
[2025-12-09 12:16:44.064] ;28181;96481.3
[2025-12-09 12:16:44.089] ;28198;96480.82
[2025-12-09 12:16:44.106] ;28216;96482.03
[2025-12-09 12:16:44.114] ;28233;96483.13
[2025-12-09 12:16:44.139] ;28252;96483.47
[2025-12-09 12:16:44.155] ;28269;96484.47
[2025-12-09 12:16:44.172] ;28286;96484.55
[2025-12-09 12:16:44.188] ;28304;96485.08
[2025-12-09 12:16:44.205] ;28322;96485.39
[2025-12-09 12:16:44.222] ;28340;96485.85
[2025-12-09 12:16:44.247] ;28357;96486.72
[2025-12-09 12:16:44.264] ;28376;96487.44
[2025-12-09 12:16:44.281] ;28393;96487.78
[2025-12-09 12:16:44.297] ;28410;96487.99
[2025-12-09 12:16:44.313] ;28428;96489.49
[2025-12-09 12:16:44.330] ;28446;96489.53
[2025-12-09 12:16:44.347] ;28464;96490.3
[2025-12-09 12:16:44.364] ;28481;96490.72
[2025-12-09 12:16:44.380] ;28498;96491.27
[2025-12-09 12:16:44.397] ;28517;96491.8
[2025-12-09 12:16:44.422] ;28534;96492.24
[2025-12-09 12:16:44.439] ;28552;96493
[2025-12-09 12:16:44.456] ;28569;96493.21
[2025-12-09 12:16:44.476] ;28588;96493.38
[2025-12-09 12:16:44.489] ;28605;96494.55
[2025-12-09 12:16:44.505] ;28622;96494.67
[2025-12-09 12:16:44.530] ;28640;96495.11
[2025-12-09 12:16:44.546] ;28658;96496.16
[2025-12-09 12:16:44.562] ;28676;96496.77
[2025-12-09 12:16:44.578] ;28693;96497.13
[2025-12-09 12:16:44.595] ;28711;96497.5
[2025-12-09 12:16:44.611] ;28729;96497.78
[2025-12-09 12:16:44.628] ;28746;96498.63
[2025-12-09 12:16:44.652] ;28764;96498.74
[2025-12-09 12:16:44.669] ;28782;96499.49
[2025-12-09 12:16:44.686] ;28800;96499.89
[2025-12-09 12:16:44.703] ;28817;96500.08
[2025-12-09 12:16:44.719] ;28834;96500.07
[2025-12-09 12:16:44.736] ;28853;96501.44
[2025-12-09 12:16:44.761] ;28870;96501.86
[2025-12-09 12:16:44.770] ;28888;96502.86
[2025-12-09 12:16:44.793] ;28905;96503.5
[2025-12-09 12:16:44.814] ;28923;96503.33
[2025-12-09 12:16:44.829] ;28941;96503.82
[2025-12-09 12:16:44.846] ;28958;96504.71
[2025-12-09 12:16:44.863] ;28977;96505.03
[2025-12-09 12:16:44.879] ;28994;96505.49
[2025-12-09 12:16:44.897] ;29011;96505.82
[2025-12-09 12:16:44.918] ;29029;96506.69
[2025-12-09 12:16:44.931] ;29047;96506.85
[2025-12-09 12:16:44.953] ;29065;96507
[2025-12-09 12:16:44.963] ;29082;96507.44
[2025-12-09 12:16:44.989] ;29100;96507.89
[2025-12-09 12:16:45.005] ;29118;96508.11
[2025-12-09 12:16:45.021] ;29135;96509.49
[2025-12-09 12:16:45.038] ;29153;96509.91
[2025-12-09 12:16:45.055] ;29170;96510.58
[2025-12-09 12:16:45.073] ;29189;96511.3
[2025-12-09 12:16:45.088] ;29206;96511.32
[2025-12-09 12:16:45.105] ;29223;96512.1
[2025-12-09 12:16:45.125] ;29242;96512.35
[2025-12-09 12:16:45.142] ;29259;96512.85
[2025-12-09 12:16:45.196] ;29277;96513.25
[2025-12-09 12:16:45.198] ;29294;96513.82
[2025-12-09 12:16:45.228] ;29313;96514.52
[2025-12-09 12:16:45.228] ;29330;96514.82
[2025-12-09 12:16:45.245] ;29347;96514.88
[2025-12-09 12:16:45.253] ;29365;96515.5
[2025-12-09 12:16:45.274] ;29383;96515.71
[2025-12-09 12:16:45.293] ;29401;96515.89
[2025-12-09 12:16:45.302] ;29418;96517.07
[2025-12-09 12:16:45.326] ;29435;96517.8
[2025-12-09 12:16:45.342] ;29454;96518.1
[2025-12-09 12:16:45.358] ;29471;96518.61
[2025-12-09 12:16:45.375] ;29489;96518.44
[2025-12-09 12:16:45.393] ;29507;96519.6
[2025-12-09 12:16:45.410] ;29524;96519.6
[2025-12-09 12:16:45.427] ;29542;96519.86
[2025-12-09 12:16:45.441] ;29559;96520.53
[2025-12-09 12:16:45.459] ;29578;96520.27
[2025-12-09 12:16:45.475] ;29595;96521.85
[2025-12-09 12:16:45.499] ;29613;96522.38
[2025-12-09 12:16:45.515] ;29630;96522.42
[2025-12-09 12:16:45.532] ;29648;96522.97
[2025-12-09 12:16:45.549] ;29666;96523.36
[2025-12-09 12:16:45.565] ;29683;96523.39
[2025-12-09 12:16:45.585] ;29701;96523.64
[2025-12-09 12:16:45.609] ;29719;96524.75
[2025-12-09 12:16:45.625] ;29736;96525.64
[2025-12-09 12:16:45.641] ;29754;96525.47
[2025-12-09 12:16:45.657] ;29771;96525.72
[2025-12-09 12:16:45.682] ;29790;96526.36
[2025-12-09 12:16:45.692] ;29807;96526.42
[2025-12-09 12:16:45.709] ;29825;96526.64
[2025-12-09 12:16:45.731] ;29843;96527.39
[2025-12-09 12:16:45.747] ;29860;96527.96
[2025-12-09 12:16:45.764] ;29878;96528.32
[2025-12-09 12:16:45.781] ;29895;96528.74
[2025-12-09 12:16:45.797] ;29914;96529.28
[2025-12-09 12:16:45.815] ;29931;96529.89
[2025-12-09 12:16:45.831] ;29948;96530.42
[2025-12-09 12:16:45.848] ;29966;96530.49
[2025-12-09 12:16:45.897] ;29984;96530.97
[2025-12-09 12:16:45.914] ;30002;96531.25
[2025-12-09 12:16:45.914] ;30019;96532.17
[2025-12-09 12:16:45.924] ;30036;96531.91
[2025-12-09 12:16:45.940] ;30055;96532.86
[2025-12-09 12:16:45.960] ;30072;96533.41
[2025-12-09 12:16:45.977] ;30090;96533.38
[2025-12-09 12:16:45.991] ;30108;96533.77
[2025-12-09 12:16:46.014] ;30126;96534.71
[2025-12-09 12:16:46.029] ;30143;96534.6
[2025-12-09 12:16:46.045] ;30160;96534.91
[2025-12-09 12:16:46.062] ;30179;96535.32
[2025-12-09 12:16:46.079] ;30196;96536.38
[2025-12-09 12:16:46.095] ;30214;96536.49
[2025-12-09 12:16:46.119] ;30231;96536.91
[2025-12-09 12:16:46.135] ;30249;96537.6
[2025-12-09 12:16:46.151] ;30267;96537.71
[2025-12-09 12:16:46.167] ;30284;96538.3
[2025-12-09 12:16:46.184] ;30302;96538.55
[2025-12-09 12:16:46.205] ;30320;96538.82
[2025-12-09 12:16:46.217] ;30338;96539.27
[2025-12-09 12:16:46.241] ;30355;96539.83
[2025-12-09 12:16:46.259] ;30373;96539.99
[2025-12-09 12:16:46.274] ;30391;96540.36
[2025-12-09 12:16:46.296] ;30408;96540.46
[2025-12-09 12:16:46.311] ;30426;96541.36
[2025-12-09 12:16:46.328] ;30444;96541.75
[2025-12-09 12:16:46.348] ;30461;96542.22
[2025-12-09 12:16:46.364] ;30479;96542.16
[2025-12-09 12:16:46.381] ;30496;96543.08
[2025-12-09 12:16:46.397] ;30515;96543.3
[2025-12-09 12:16:46.414] ;30532;96543.57
[2025-12-09 12:16:46.430] ;30550;96543.8
[2025-12-09 12:16:46.446] ;30567;96544.72
[2025-12-09 12:16:46.471] ;30585;96544.64
[2025-12-09 12:16:46.487] ;30603;96545.25
[2025-12-09 12:16:46.503] ;30620;96545.13
[2025-12-09 12:16:46.524] ;30639;96546.03
[2025-12-09 12:16:46.541] ;30656;96545.8
[2025-12-09 12:16:46.557] ;30673;96546.47
[2025-12-09 12:16:46.577] ;30691;96547.17
[2025-12-09 12:16:46.593] ;30709;96547.05
[2025-12-09 12:16:46.612] ;30727;96547.74
[2025-12-09 12:16:46.626] ;30744;96547.99
[2025-12-09 12:16:46.644] ;30761;96548.61
[2025-12-09 12:16:46.664] ;30780;96548.36
[2025-12-09 12:16:46.676] ;30797;96549.32
[2025-12-09 12:16:46.700] ;30815;96549.66
[2025-12-09 12:16:46.717] ;30832;96550.07
[2025-12-09 12:16:46.733] ;30851;96550.11
[2025-12-09 12:16:46.749] ;30868;96550.71
[2025-12-09 12:16:46.767] ;30885;96551.25
[2025-12-09 12:16:46.782] ;30903;96551.8
[2025-12-09 12:16:46.808] ;30921;96551.44
[2025-12-09 12:16:46.824] ;30939;96552.47
[2025-12-09 12:16:46.840] ;30956;96552.44
[2025-12-09 12:16:46.857] ;30974;96552.53
[2025-12-09 12:16:46.872] ;30992;96553.72
[2025-12-09 12:16:46.894] ;31009;96553.77
[2025-12-09 12:16:46.913] ;31027;96553.88
[2025-12-09 12:16:46.929] ;31045;96554.47
[2025-12-09 12:16:46.946] ;31063;96554.63
[2025-12-09 12:16:46.962] ;31080;96554.36
[2025-12-09 12:16:46.984] ;31097;96555.19
[2025-12-09 12:16:46.995] ;31116;96556.02
[2025-12-09 12:16:47.011] ;31133;96555.49
[2025-12-09 12:16:47.038] ;31151;96556.42
[2025-12-09 12:16:47.052] ;31168;96556.57
[2025-12-09 12:16:47.068] ;31186;96556.67
[2025-12-09 12:16:47.085] ;31204;96557.49
[2025-12-09 12:16:47.108] ;31221;96557.38
[2025-12-09 12:16:47.123] ;31240;96557.92
[2025-12-09 12:16:47.142] ;31257;96558.57
[2025-12-09 12:16:47.159] ;31275;96558.19
[2025-12-09 12:16:47.175] ;31292;96559
[2025-12-09 12:16:47.192] ;31310;96559.03
[2025-12-09 12:16:47.209] ;31328;96560.27
[2025-12-09 12:16:47.225] ;31345;96560.41
[2025-12-09 12:16:47.241] ;31363;96559.57
[2025-12-09 12:16:47.267] ;31381;96560.61
[2025-12-09 12:16:47.283] ;31398;96561.27
[2025-12-09 12:16:47.300] ;31416;96561.63
[2025-12-09 12:16:47.317] ;31433;96561.75
[2025-12-09 12:16:47.334] ;31452;96562.64
[2025-12-09 12:16:47.350] ;31469;96562.41
[2025-12-09 12:16:47.367] ;31486;96562.74
[2025-12-09 12:16:47.390] ;31505;96563.17
[2025-12-09 12:16:47.407] ;31522;96563.3
[2025-12-09 12:16:47.425] ;31540;96563.66
[2025-12-09 12:16:47.442] ;31557;96563.89
[2025-12-09 12:16:47.459] ;31576;96564.27
[2025-12-09 12:16:47.476] ;31593;96565.02
[2025-12-09 12:16:47.492] ;31610;96564.6
[2025-12-09 12:16:47.509] ;31628;96565.49
[2025-12-09 12:16:47.526] ;31646;96565.89
[2025-12-09 12:16:47.542] ;31664;96565.97
[2025-12-09 12:16:47.559] ;31681;96566.36
[2025-12-09 12:16:47.575] ;31698;96566.38
[2025-12-09 12:16:47.601] ;31717;96567.25
[2025-12-09 12:16:47.617] ;31734;96567.5
[2025-12-09 12:16:47.636] ;31752;96567.36
[2025-12-09 12:16:47.651] ;31770;96567.75
[2025-12-09 12:16:47.672] ;31788;96567.64
[2025-12-09 12:16:47.689] ;31805;96568.25
[2025-12-09 12:16:47.706] ;31822;96568.52
[2025-12-09 12:16:47.724] ;31841;96569.17
[2025-12-09 12:16:47.742] ;31858;96569.28
[2025-12-09 12:16:47.759] ;31876;96569.3
[2025-12-09 12:16:47.775] ;31893;96570.22
[2025-12-09 12:16:47.791] ;31911;96570.21
[2025-12-09 12:16:47.808] ;31929;96570.78
[2025-12-09 12:16:47.825] ;31946;96571.46
[2025-12-09 12:16:47.849] ;3;
